Reporting Start,Reporting End,Campaign Name,Campaign Type,Ad Set Name,Ad Name,Delivery,Attribution Setting,Result Type,Spend (BRL),Impressions,Link Clicks,Conversions,Reach,Frequency
2026-01-15,2026-01-15,Nubank | Brand Awareness | Reach | Q1,Branding,BR_18-34_Interests_Finance,Nu_Brand_Awareness_Hero_Video_15s,Learning (CBO),1-day click,Account Opening,517.80,151220,149,1,110391,1.37
2026-01-18,2026-01-18,Nubank | Brand Awareness | Reach | Q1,Branding,BR_18-34_Interests_Finance,Nu_Brand_Awareness_Hero_Video_15s,Learning,1-day click,Account Opening,1937.46,346201,92,3,259651,1.33
2026-01-21,2026-01-21,Nubank | Brand Awareness | Reach | Q1,Branding,BR_18-34_Interests_Finance,Nu_Brand_Awareness_Hero_Video_15s,Learning (CBO),1-day click,Account Opening,1036.42,170148,88,2,120805,1.41
2026-01-24,2026-01-24,Nubank | Brand Awareness | Reach | Q1,Branding,BR_18-34_Interests_Finance,Nu_Brand_Awareness_Hero_Video_15s,Learning,1-day click,Account Opening,190.06,441174,62,0,269116,1.64
2026-01-27,2026-01-27,Nubank | Brand Awareness | Reach | Q1,Branding,BR_18-34_Interests_Finance,Nu_Brand_Awareness_Hero_Video_15s,Learning,1-day click,Account Opening,776.28,131075,40,2,90442,1.45
2026-01-30,2026-01-30,Nubank | Brand Awareness | Reach | Q1,Branding,BR_18-34_Interests_Finance,Nu_Brand_Awareness_Hero_Video_15s,Learning (CBO),1-day click,Account Opening,804.24,234800,160,2,162012,1.45
2026-02-02,2026-02-02,Nubank | Brand Awareness | Reach | Q1,Branding,BR_18-34_Interests_Finance,Nu_Brand_Awareness_Hero_Video_15s,Learning Limited,1-day click,Account Opening,567.84,226504,125,0,185733,1.22
2026-02-05,2026-02-05,Nubank | Brand Awareness | Reach | Q1,Branding,BR_18-34_Interests_Finance,Nu_Brand_Awareness_Hero_Video_15s,Learning (CBO),1-day click,Account Opening,763.66,280897,114,2,174156,1.61
2026-02-08,2026-02-08,Nubank | Brand Awareness | Reach | Q1,Branding,BR_18-34_Interests_Finance,Nu_Brand_Awareness_Hero_Video_15s,Learning Limited,1-day click,Account Opening,1856.25,382587,112,3,313721,1.22
2026-01-15,2026-01-15,Nubank | Brand Awareness | Reach | Q1,Branding,BR_18-34_Interests_Finance,Nu_Brand_TopOfMind_Carousel_Lifestyle,Learning (CBO),1-day click,Account Opening,260.34,338409,33,0,240270,1.41
2026-01-18,2026-01-18,Nubank | Brand Awareness | Reach | Q1,Branding,BR_18-34_Interests_Finance,Nu_Brand_TopOfMind_Carousel_Lifestyle,Learning (CBO),1-day click,Account Opening,410.79,348985,50,0,226840,1.54
2026-01-21,2026-01-21,Nubank | Brand Awareness | Reach | Q1,Branding,BR_18-34_Interests_Finance,Nu_Brand_TopOfMind_Carousel_Lifestyle,Learning (CBO),1-day click,Account Opening,211.45,345259,96,0,238229,1.45
2026-01-24,2026-01-24,Nubank | Brand Awareness | Reach | Q1,Branding,BR_18-34_Interests_Finance,Nu_Brand_TopOfMind_Carousel_Lifestyle,Learning Limited,1-day click,Account Opening,534.64,234672,146,0,154884,1.52
2026-01-27,2026-01-27,Nubank | Brand Awareness | Reach | Q1,Branding,BR_18-34_Interests_Finance,Nu_Brand_TopOfMind_Carousel_Lifestyle,Learning,1-day click,Account Opening,815.86,447920,119,2,291148,1.54
2026-01-30,2026-01-30,Nubank | Brand Awareness | Reach | Q1,Branding,BR_18-34_Interests_Finance,Nu_Brand_TopOfMind_Carousel_Lifestyle,Learning Limited,1-day click,Account Opening,383.54,259281,68,0,184090,1.41
2026-02-02,2026-02-02,Nubank | Brand Awareness | Reach | Q1,Branding,BR_18-34_Interests_Finance,Nu_Brand_TopOfMind_Carousel_Lifestyle,Learning (CBO),1-day click,Account Opening,784.40,125180,52,2,93885,1.33
2026-02-05,2026-02-05,Nubank | Brand Awareness | Reach | Q1,Branding,BR_18-34_Interests_Finance,Nu_Brand_TopOfMind_Carousel_Lifestyle,Learning,1-day click,Account Opening,873.12,299080,90,2,230292,1.30
2026-02-08,2026-02-08,Nubank | Brand Awareness | Reach | Q1,Branding,BR_18-34_Interests_Finance,Nu_Brand_TopOfMind_Carousel_Lifestyle,Learning Limited,1-day click,Account Opening,543.35,377679,87,0,283259,1.33
2026-01-15,2026-01-15,Nubank | Brand Awareness | Reach | Q1,Branding,BR_18-34_Interests_Finance,Nu_Brand_Consideration_StaticBanner_Purple,Learning,1-day click,Account Opening,1754.73,352752,178,3,292784,1.20
2026-01-18,2026-01-18,Nubank | Brand Awareness | Reach | Q1,Branding,BR_18-34_Interests_Finance,Nu_Brand_Consideration_StaticBanner_Purple,Learning Limited,1-day click,Account Opening,1177.26,381004,139,2,281943,1.35
2026-01-21,2026-01-21,Nubank | Brand Awareness | Reach | Q1,Branding,BR_18-34_Interests_Finance,Nu_Brand_Consideration_StaticBanner_Purple,Learning (CBO),1-day click,Account Opening,1280.92,421550,112,2,257146,1.64
2026-01-24,2026-01-24,Nubank | Brand Awareness | Reach | Q1,Branding,BR_18-34_Interests_Finance,Nu_Brand_Consideration_StaticBanner_Purple,Learning,1-day click,Account Opening,402.11,362359,51,0,293511,1.23
2026-01-27,2026-01-27,Nubank | Brand Awareness | Reach | Q1,Branding,BR_18-34_Interests_Finance,Nu_Brand_Consideration_StaticBanner_Purple,Learning Limited,1-day click,Account Opening,1948.77,282772,83,3,214907,1.32
2026-01-30,2026-01-30,Nubank | Brand Awareness | Reach | Q1,Branding,BR_18-34_Interests_Finance,Nu_Brand_Consideration_StaticBanner_Purple,Learning,1-day click,Account Opening,195.99,96453,148,0,79091,1.22
2026-02-02,2026-02-02,Nubank | Brand Awareness | Reach | Q1,Branding,BR_18-34_Interests_Finance,Nu_Brand_Consideration_StaticBanner_Purple,Learning (CBO),1-day click,Account Opening,319.34,152590,171,0,93080,1.64
2026-02-05,2026-02-05,Nubank | Brand Awareness | Reach | Q1,Branding,BR_18-34_Interests_Finance,Nu_Brand_Consideration_StaticBanner_Purple,Learning,1-day click,Account Opening,378.25,395829,124,0,300830,1.32
2026-02-08,2026-02-08,Nubank | Brand Awareness | Reach | Q1,Branding,BR_18-34_Interests_Finance,Nu_Brand_Consideration_StaticBanner_Purple,Learning (CBO),1-day click,Account Opening,203.07,141602,47,0,94873,1.49
2026-01-15,2026-01-15,Nubank | Brand Awareness | Reach | Q1,Branding,BR_18-34_Interests_Finance,Nu_Brand_Reach_Video_30s_Testimonial,Learning Limited,1-day click,Account Opening,543.97,359288,122,1,262280,1.37
2026-01-18,2026-01-18,Nubank | Brand Awareness | Reach | Q1,Branding,BR_18-34_Interests_Finance,Nu_Brand_Reach_Video_30s_Testimonial,Learning (CBO),1-day click,Account Opening,1225.18,390835,181,2,324393,1.20
2026-01-21,2026-01-21,Nubank | Brand Awareness | Reach | Q1,Branding,BR_18-34_Interests_Finance,Nu_Brand_Reach_Video_30s_Testimonial,Learning Limited,1-day click,Account Opening,1048.74,439511,193,2,351609,1.25
2026-01-24,2026-01-24,Nubank | Brand Awareness | Reach | Q1,Branding,BR_18-34_Interests_Finance,Nu_Brand_Reach_Video_30s_Testimonial,Learning,1-day click,Account Opening,343.85,244480,107,0,200474,1.22
2026-01-27,2026-01-27,Nubank | Brand Awareness | Reach | Q1,Branding,BR_18-34_Interests_Finance,Nu_Brand_Reach_Video_30s_Testimonial,Learning Limited,1-day click,Account Opening,490.40,125688,80,1,95523,1.32
2026-01-30,2026-01-30,Nubank | Brand Awareness | Reach | Q1,Branding,BR_18-34_Interests_Finance,Nu_Brand_Reach_Video_30s_Testimonial,Learning,1-day click,Account Opening,569.66,405843,116,1,300324,1.35
2026-02-02,2026-02-02,Nubank | Brand Awareness | Reach | Q1,Branding,BR_18-34_Interests_Finance,Nu_Brand_Reach_Video_30s_Testimonial,Learning Limited,1-day click,Account Opening,500.54,422306,105,1,266053,1.59
2026-02-05,2026-02-05,Nubank | Brand Awareness | Reach | Q1,Branding,BR_18-34_Interests_Finance,Nu_Brand_Reach_Video_30s_Testimonial,Learning (CBO),1-day click,Account Opening,874.06,317894,55,2,206631,1.54
2026-02-08,2026-02-08,Nubank | Brand Awareness | Reach | Q1,Branding,BR_18-34_Interests_Finance,Nu_Brand_Reach_Video_30s_Testimonial,Learning Limited,1-day click,Account Opening,1318.77,166978,62,3,115215,1.45
2026-01-14,2026-01-14,Nubank | Brand Awareness | Reach | Q1,Branding,BR_25-44_Broad,Nu_Brand_Awareness_Story_AnimatedLogo,Active,1-day click,Account Opening,1230.15,285611,191,3,205640,1.39
2026-01-17,2026-01-17,Nubank | Brand Awareness | Reach | Q1,Branding,BR_25-44_Broad,Nu_Brand_Awareness_Story_AnimatedLogo,Not Delivering,1-day click,Account Opening,2082.95,95278,108,5,64789,1.47
2026-01-20,2026-01-20,Nubank | Brand Awareness | Reach | Q1,Branding,BR_25-44_Broad,Nu_Brand_Awareness_Story_AnimatedLogo,Active,1-day click,Account Opening,2682.96,123359,110,7,77716,1.59
2026-01-23,2026-01-23,Nubank | Brand Awareness | Reach | Q1,Branding,BR_25-44_Broad,Nu_Brand_Awareness_Story_AnimatedLogo,Active,1-day click,Account Opening,2451.76,149308,31,4,113474,1.32
2026-01-26,2026-01-26,Nubank | Brand Awareness | Reach | Q1,Branding,BR_25-44_Broad,Nu_Brand_Awareness_Story_AnimatedLogo,Active,1-day click,Account Opening,1776.03,107517,32,3,81713,1.32
2026-01-29,2026-01-29,Nubank | Brand Awareness | Reach | Q1,Branding,BR_25-44_Broad,Nu_Brand_Awareness_Story_AnimatedLogo,Not Delivering,1-day click,Account Opening,2431.56,353278,171,6,219032,1.61
2026-02-01,2026-02-01,Nubank | Brand Awareness | Reach | Q1,Branding,BR_25-44_Broad,Nu_Brand_Awareness_Story_AnimatedLogo,Active,1-day click,Account Opening,3635.87,354617,121,7,234047,1.52
2026-01-14,2026-01-14,Nubank | Brand Awareness | Reach | Q1,Branding,BR_25-44_Broad,Nu_Brand_TopOfMind_Reel_FinancialFreedom,Completed,1-day click,Account Opening,3100.86,313200,158,6,200448,1.56
2026-01-17,2026-01-17,Nubank | Brand Awareness | Reach | Q1,Branding,BR_25-44_Broad,Nu_Brand_TopOfMind_Reel_FinancialFreedom,Active,1-day click,Account Opening,3752.94,202186,183,6,169836,1.19
2026-01-20,2026-01-20,Nubank | Brand Awareness | Reach | Q1,Branding,BR_25-44_Broad,Nu_Brand_TopOfMind_Reel_FinancialFreedom,Active,1-day click,Account Opening,4406.50,127586,42,7,96965,1.32
2026-01-23,2026-01-23,Nubank | Brand Awareness | Reach | Q1,Branding,BR_25-44_Broad,Nu_Brand_TopOfMind_Reel_FinancialFreedom,Active,1-day click,Account Opening,1449.81,157918,114,3,96330,1.64
2026-01-26,2026-01-26,Nubank | Brand Awareness | Reach | Q1,Branding,BR_25-44_Broad,Nu_Brand_TopOfMind_Reel_FinancialFreedom,Active,1-day click,Account Opening,2981.09,85565,49,7,59895,1.43
2026-01-29,2026-01-29,Nubank | Brand Awareness | Reach | Q1,Branding,BR_25-44_Broad,Nu_Brand_TopOfMind_Reel_FinancialFreedom,Not Delivering,1-day click,Account Opening,3446.24,336335,126,7,205164,1.64
2026-02-01,2026-02-01,Nubank | Brand Awareness | Reach | Q1,Branding,BR_25-44_Broad,Nu_Brand_TopOfMind_Reel_FinancialFreedom,Active,1-day click,Account Opening,2415.76,103389,51,4,77542,1.33
2026-01-14,2026-01-14,Nubank | Brand Awareness | Reach | Q1,Branding,BR_25-44_Broad,Nu_Brand_Consideration_Video_WhyNubank,Not Delivering,1-day click,Account Opening,4511.04,313432,186,8,247611,1.27
2026-01-17,2026-01-17,Nubank | Brand Awareness | Reach | Q1,Branding,BR_25-44_Broad,Nu_Brand_Consideration_Video_WhyNubank,Active,1-day click,Account Opening,2178.50,433674,193,5,264541,1.64
2026-01-20,2026-01-20,Nubank | Brand Awareness | Reach | Q1,Branding,BR_25-44_Broad,Nu_Brand_Consideration_Video_WhyNubank,Active,1-day click,Account Opening,914.74,159615,32,2,122904,1.30
2026-01-23,2026-01-23,Nubank | Brand Awareness | Reach | Q1,Branding,BR_25-44_Broad,Nu_Brand_Consideration_Video_WhyNubank,Active,1-day click,Account Opening,2185.68,409737,123,4,254037,1.61
2026-01-26,2026-01-26,Nubank | Brand Awareness | Reach | Q1,Branding,BR_25-44_Broad,Nu_Brand_Consideration_Video_WhyNubank,Active,1-day click,Account Opening,2364.06,182167,117,6,138447,1.32
2026-01-29,2026-01-29,Nubank | Brand Awareness | Reach | Q1,Branding,BR_25-44_Broad,Nu_Brand_Consideration_Video_WhyNubank,Active,1-day click,Account Opening,2995.85,235360,46,5,200056,1.18
2026-02-01,2026-02-01,Nubank | Brand Awareness | Reach | Q1,Branding,BR_25-44_Broad,Nu_Brand_Consideration_Video_WhyNubank,Not Delivering,1-day click,Account Opening,3187.45,411481,146,7,316840,1.30
2026-01-13,2026-01-13,Nubank | Brand Awareness | Reach | Q1,Branding,BR_18-24_Lookalike_1pct,Nu_Brand_Reach_StaticBanner_NoCreditCardFee,Active,1-day click,Account Opening,1837.86,315275,83,3,252220,1.25
2026-01-16,2026-01-16,Nubank | Brand Awareness | Reach | Q1,Branding,BR_18-24_Lookalike_1pct,Nu_Brand_Reach_StaticBanner_NoCreditCardFee,Active,1-day click,Account Opening,972.94,90618,32,2,66151,1.37
2026-01-19,2026-01-19,Nubank | Brand Awareness | Reach | Q1,Branding,BR_18-24_Lookalike_1pct,Nu_Brand_Reach_StaticBanner_NoCreditCardFee,Active,1-day click,Account Opening,3805.92,163620,89,8,111262,1.47
2026-01-22,2026-01-22,Nubank | Brand Awareness | Reach | Q1,Branding,BR_18-24_Lookalike_1pct,Nu_Brand_Reach_StaticBanner_NoCreditCardFee,Active,1-day click,Account Opening,3590.79,324919,40,7,243689,1.33
2026-01-25,2026-01-25,Nubank | Brand Awareness | Reach | Q1,Branding,BR_18-24_Lookalike_1pct,Nu_Brand_Reach_StaticBanner_NoCreditCardFee,Active,1-day click,Account Opening,4458.96,357578,104,8,243153,1.47
2026-01-13,2026-01-13,Nubank | Brand Awareness | Reach | Q1,Branding,BR_18-24_Lookalike_1pct,Nu_Brand_Awareness_Carousel_ProductShowcase,Completed,1-day click,Account Opening,4065.60,166121,166,7,127913,1.30
2026-01-16,2026-01-16,Nubank | Brand Awareness | Reach | Q1,Branding,BR_18-24_Lookalike_1pct,Nu_Brand_Awareness_Carousel_ProductShowcase,Active,1-day click,Account Opening,4107.60,417668,80,7,271484,1.54
2026-01-19,2026-01-19,Nubank | Brand Awareness | Reach | Q1,Branding,BR_18-24_Lookalike_1pct,Nu_Brand_Awareness_Carousel_ProductShowcase,Active,1-day click,Account Opening,1060.84,208281,186,2,143714,1.45
2026-01-22,2026-01-22,Nubank | Brand Awareness | Reach | Q1,Branding,BR_18-24_Lookalike_1pct,Nu_Brand_Awareness_Carousel_ProductShowcase,Active,1-day click,Account Opening,1250.06,260376,109,2,161433,1.61
2026-01-25,2026-01-25,Nubank | Brand Awareness | Reach | Q1,Branding,BR_18-24_Lookalike_1pct,Nu_Brand_Awareness_Carousel_ProductShowcase,Active,1-day click,Account Opening,1811.55,229831,52,3,147092,1.56
2026-01-13,2026-01-13,Nubank | Brand Awareness | Reach | Q1,Branding,BR_18-24_Lookalike_1pct,Nu_Brand_TopOfMind_Video_6s_Bumper,Active,1-day click,Account Opening,1075.10,89800,102,2,75432,1.19
2026-01-16,2026-01-16,Nubank | Brand Awareness | Reach | Q1,Branding,BR_18-24_Lookalike_1pct,Nu_Brand_TopOfMind_Video_6s_Bumper,Active,1-day click,Account Opening,3936.38,271241,136,7,170882,1.59
2026-01-19,2026-01-19,Nubank | Brand Awareness | Reach | Q1,Branding,BR_18-24_Lookalike_1pct,Nu_Brand_TopOfMind_Video_6s_Bumper,Active,1-day click,Account Opening,4970.24,271002,198,8,170731,1.59
2026-01-22,2026-01-22,Nubank | Brand Awareness | Reach | Q1,Branding,BR_18-24_Lookalike_1pct,Nu_Brand_TopOfMind_Video_6s_Bumper,Not Delivering,1-day click,Account Opening,1939.85,127858,79,5,97172,1.32
2026-01-25,2026-01-25,Nubank | Brand Awareness | Reach | Q1,Branding,BR_18-24_Lookalike_1pct,Nu_Brand_TopOfMind_Video_6s_Bumper,Active,1-day click,Account Opening,4979.76,287793,193,8,172676,1.67
2026-01-15,2026-01-15,Nubank | Brand Consideration | Video Views | Q1,Branding,BR_25-54_VideoEngagers,Nu_Brand_Consideration_Story_CustomerStory_01,Learning (CBO),1-day click,Account Opening,387.61,216817,109,1,166949,1.30
2026-01-18,2026-01-18,Nubank | Brand Consideration | Video Views | Q1,Branding,BR_25-54_VideoEngagers,Nu_Brand_Consideration_Story_CustomerStory_01,Learning,1-day click,Account Opening,1854.60,133572,118,3,92165,1.45
2026-01-21,2026-01-21,Nubank | Brand Consideration | Video Views | Q1,Branding,BR_25-54_VideoEngagers,Nu_Brand_Consideration_Story_CustomerStory_01,Learning,1-day click,Account Opening,383.95,391061,157,0,269832,1.45
2026-01-24,2026-01-24,Nubank | Brand Consideration | Video Views | Q1,Branding,BR_25-54_VideoEngagers,Nu_Brand_Consideration_Story_CustomerStory_01,Learning,1-day click,Account Opening,769.70,381935,37,2,313187,1.22
2026-01-27,2026-01-27,Nubank | Brand Consideration | Video Views | Q1,Branding,BR_25-54_VideoEngagers,Nu_Brand_Consideration_Story_CustomerStory_01,Learning Limited,1-day click,Account Opening,462.76,352869,40,1,271709,1.30
2026-01-30,2026-01-30,Nubank | Brand Consideration | Video Views | Q1,Branding,BR_25-54_VideoEngagers,Nu_Brand_Consideration_Story_CustomerStory_01,Learning (CBO),1-day click,Account Opening,422.59,88968,183,0,70285,1.27
2026-02-02,2026-02-02,Nubank | Brand Consideration | Video Views | Q1,Branding,BR_25-54_VideoEngagers,Nu_Brand_Consideration_Story_CustomerStory_01,Learning,1-day click,Account Opening,202.52,236045,164,0,177034,1.33
2026-02-05,2026-02-05,Nubank | Brand Consideration | Video Views | Q1,Branding,BR_25-54_VideoEngagers,Nu_Brand_Consideration_Story_CustomerStory_01,Learning (CBO),1-day click,Account Opening,394.78,158988,64,0,104932,1.52
2026-02-08,2026-02-08,Nubank | Brand Consideration | Video Views | Q1,Branding,BR_25-54_VideoEngagers,Nu_Brand_Consideration_Story_CustomerStory_01,Learning Limited,1-day click,Account Opening,922.14,174242,197,2,135909,1.28
2026-02-11,2026-02-11,Nubank | Brand Consideration | Video Views | Q1,Branding,BR_25-54_VideoEngagers,Nu_Brand_Consideration_Story_CustomerStory_01,Learning (CBO),1-day click,Account Opening,990.92,317490,157,2,263517,1.20
2026-01-15,2026-01-15,Nubank | Brand Consideration | Video Views | Q1,Branding,BR_25-54_VideoEngagers,Nu_Brand_Reach_Reel_BankWithoutBureaucracy,Learning (CBO),1-day click,Account Opening,292.88,313038,152,0,197214,1.59
2026-01-18,2026-01-18,Nubank | Brand Consideration | Video Views | Q1,Branding,BR_25-54_VideoEngagers,Nu_Brand_Reach_Reel_BankWithoutBureaucracy,Learning (CBO),1-day click,Account Opening,444.38,164040,118,1,121390,1.35
2026-01-21,2026-01-21,Nubank | Brand Consideration | Video Views | Q1,Branding,BR_25-54_VideoEngagers,Nu_Brand_Reach_Reel_BankWithoutBureaucracy,Learning (CBO),1-day click,Account Opening,437.73,192699,126,1,154159,1.25
2026-01-24,2026-01-24,Nubank | Brand Consideration | Video Views | Q1,Branding,BR_25-54_VideoEngagers,Nu_Brand_Reach_Reel_BankWithoutBureaucracy,Learning,1-day click,Account Opening,586.31,189572,186,1,117535,1.61
2026-01-27,2026-01-27,Nubank | Brand Consideration | Video Views | Q1,Branding,BR_25-54_VideoEngagers,Nu_Brand_Reach_Reel_BankWithoutBureaucracy,Learning,1-day click,Account Opening,1229.58,139977,55,2,118980,1.18
2026-01-30,2026-01-30,Nubank | Brand Consideration | Video Views | Q1,Branding,BR_25-54_VideoEngagers,Nu_Brand_Reach_Reel_BankWithoutBureaucracy,Learning (CBO),1-day click,Account Opening,1130.80,285089,49,2,185308,1.54
2026-02-02,2026-02-02,Nubank | Brand Consideration | Video Views | Q1,Branding,BR_25-54_VideoEngagers,Nu_Brand_Reach_Reel_BankWithoutBureaucracy,Learning,1-day click,Account Opening,590.81,378413,92,0,287594,1.32
2026-02-05,2026-02-05,Nubank | Brand Consideration | Video Views | Q1,Branding,BR_25-54_VideoEngagers,Nu_Brand_Reach_Reel_BankWithoutBureaucracy,Learning Limited,1-day click,Account Opening,935.58,111216,141,2,85636,1.30
2026-02-08,2026-02-08,Nubank | Brand Consideration | Video Views | Q1,Branding,BR_25-54_VideoEngagers,Nu_Brand_Reach_Reel_BankWithoutBureaucracy,Learning,1-day click,Account Opening,648.12,389592,113,1,261027,1.49
2026-02-11,2026-02-11,Nubank | Brand Consideration | Video Views | Q1,Branding,BR_25-54_VideoEngagers,Nu_Brand_Reach_Reel_BankWithoutBureaucracy,Learning Limited,1-day click,Account Opening,217.03,103875,128,0,70635,1.47
2026-01-15,2026-01-15,Nubank | Brand Consideration | Video Views | Q1,Branding,BR_25-54_VideoEngagers,Nu_Brand_Awareness_StaticBanner_PurpleGold,Learning (CBO),1-day click,Account Opening,1400.76,410531,127,3,316109,1.30
2026-01-18,2026-01-18,Nubank | Brand Consideration | Video Views | Q1,Branding,BR_25-54_VideoEngagers,Nu_Brand_Awareness_StaticBanner_PurpleGold,Learning Limited,1-day click,Account Opening,564.73,377545,184,0,256731,1.47
2026-01-21,2026-01-21,Nubank | Brand Consideration | Video Views | Q1,Branding,BR_25-54_VideoEngagers,Nu_Brand_Awareness_StaticBanner_PurpleGold,Learning Limited,1-day click,Account Opening,1482.54,253946,97,3,165065,1.54
2026-01-24,2026-01-24,Nubank | Brand Consideration | Video Views | Q1,Branding,BR_25-54_VideoEngagers,Nu_Brand_Awareness_StaticBanner_PurpleGold,Learning Limited,1-day click,Account Opening,570.15,250985,104,0,195768,1.28
2026-01-27,2026-01-27,Nubank | Brand Consideration | Video Views | Q1,Branding,BR_25-54_VideoEngagers,Nu_Brand_Awareness_StaticBanner_PurpleGold,Learning (CBO),1-day click,Account Opening,1081.54,337362,75,2,249648,1.35
2026-01-30,2026-01-30,Nubank | Brand Consideration | Video Views | Q1,Branding,BR_25-54_VideoEngagers,Nu_Brand_Awareness_StaticBanner_PurpleGold,Learning Limited,1-day click,Account Opening,284.74,293924,97,0,238078,1.23
2026-02-02,2026-02-02,Nubank | Brand Consideration | Video Views | Q1,Branding,BR_25-54_VideoEngagers,Nu_Brand_Awareness_StaticBanner_PurpleGold,Learning (CBO),1-day click,Account Opening,367.95,140959,195,0,101490,1.39
2026-02-05,2026-02-05,Nubank | Brand Consideration | Video Views | Q1,Branding,BR_25-54_VideoEngagers,Nu_Brand_Awareness_StaticBanner_PurpleGold,Learning,1-day click,Account Opening,515.11,103936,127,1,81070,1.28
2026-02-08,2026-02-08,Nubank | Brand Consideration | Video Views | Q1,Branding,BR_25-54_VideoEngagers,Nu_Brand_Awareness_StaticBanner_PurpleGold,Learning (CBO),1-day click,Account Opening,969.66,395987,75,2,241552,1.64
2026-02-11,2026-02-11,Nubank | Brand Consideration | Video Views | Q1,Branding,BR_25-54_VideoEngagers,Nu_Brand_Awareness_StaticBanner_PurpleGold,Learning Limited,1-day click,Account Opening,1597.35,330536,100,3,231375,1.43
2026-01-13,2026-01-13,Nubank | Brand Consideration | Video Views | Q1,Branding,BR_18-34_PageEngagers,Nu_Brand_TopOfMind_Video_15s_AppDemo,Learning (CBO),1-day click,Account Opening,645.35,109075,144,1,70899,1.54
2026-01-16,2026-01-16,Nubank | Brand Consideration | Video Views | Q1,Branding,BR_18-34_PageEngagers,Nu_Brand_TopOfMind_Video_15s_AppDemo,Learning Limited,1-day click,Account Opening,179.78,377391,120,0,237756,1.59
2026-01-19,2026-01-19,Nubank | Brand Consideration | Video Views | Q1,Branding,BR_18-34_PageEngagers,Nu_Brand_TopOfMind_Video_15s_AppDemo,Learning (CBO),1-day click,Account Opening,220.47,231094,176,0,196430,1.18
2026-01-22,2026-01-22,Nubank | Brand Consideration | Video Views | Q1,Branding,BR_18-34_PageEngagers,Nu_Brand_TopOfMind_Video_15s_AppDemo,Learning (CBO),1-day click,Account Opening,294.84,354001,121,0,240721,1.47
2026-01-25,2026-01-25,Nubank | Brand Consideration | Video Views | Q1,Branding,BR_18-34_PageEngagers,Nu_Brand_TopOfMind_Video_15s_AppDemo,Learning Limited,1-day click,Account Opening,208.12,422578,48,0,266224,1.59
2026-01-28,2026-01-28,Nubank | Brand Consideration | Video Views | Q1,Branding,BR_18-34_PageEngagers,Nu_Brand_TopOfMind_Video_15s_AppDemo,Learning (CBO),1-day click,Account Opening,194.31,342605,100,0,284362,1.20
2026-01-31,2026-01-31,Nubank | Brand Consideration | Video Views | Q1,Branding,BR_18-34_PageEngagers,Nu_Brand_TopOfMind_Video_15s_AppDemo,Learning Limited,1-day click,Account Opening,1036.50,436147,143,2,353279,1.23
2026-01-13,2026-01-13,Nubank | Brand Consideration | Video Views | Q1,Branding,BR_18-34_PageEngagers,Nu_Brand_Consideration_Carousel_Benefits,Learning Limited,1-day click,Account Opening,1206.24,388783,154,2,295475,1.32
2026-01-16,2026-01-16,Nubank | Brand Consideration | Video Views | Q1,Branding,BR_18-34_PageEngagers,Nu_Brand_Consideration_Carousel_Benefits,Learning,1-day click,Account Opening,1636.80,424984,100,3,331488,1.28
2026-01-19,2026-01-19,Nubank | Brand Consideration | Video Views | Q1,Branding,BR_18-34_PageEngagers,Nu_Brand_Consideration_Carousel_Benefits,Learning Limited,1-day click,Account Opening,364.73,307606,63,0,203020,1.52
2026-01-22,2026-01-22,Nubank | Brand Consideration | Video Views | Q1,Branding,BR_18-34_PageEngagers,Nu_Brand_Consideration_Carousel_Benefits,Learning,1-day click,Account Opening,1179.74,291115,65,2,241625,1.20
2026-01-25,2026-01-25,Nubank | Brand Consideration | Video Views | Q1,Branding,BR_18-34_PageEngagers,Nu_Brand_Consideration_Carousel_Benefits,Learning (CBO),1-day click,Account Opening,321.98,434386,37,0,343165,1.27
2026-01-28,2026-01-28,Nubank | Brand Consideration | Video Views | Q1,Branding,BR_18-34_PageEngagers,Nu_Brand_Consideration_Carousel_Benefits,Learning (CBO),1-day click,Account Opening,173.27,310490,105,0,232868,1.33
2026-01-31,2026-01-31,Nubank | Brand Consideration | Video Views | Q1,Branding,BR_18-34_PageEngagers,Nu_Brand_Consideration_Carousel_Benefits,Learning Limited,1-day click,Account Opening,638.22,179329,43,1,118357,1.52
2026-01-13,2026-01-13,Nubank | Brand Consideration | Video Views | Q1,Branding,BR_18-34_PageEngagers,Nu_Brand_Reach_Story_InvestmentsTease,Learning Limited,1-day click,Account Opening,1154.86,278539,127,2,178265,1.56
2026-01-16,2026-01-16,Nubank | Brand Consideration | Video Views | Q1,Branding,BR_18-34_PageEngagers,Nu_Brand_Reach_Story_InvestmentsTease,Learning (CBO),1-day click,Account Opening,1137.88,217439,64,2,143510,1.52
2026-01-19,2026-01-19,Nubank | Brand Consideration | Video Views | Q1,Branding,BR_18-34_PageEngagers,Nu_Brand_Reach_Story_InvestmentsTease,Learning,1-day click,Account Opening,1183.30,121744,100,2,103482,1.18
2026-01-22,2026-01-22,Nubank | Brand Consideration | Video Views | Q1,Branding,BR_18-34_PageEngagers,Nu_Brand_Reach_Story_InvestmentsTease,Learning,1-day click,Account Opening,432.34,194331,199,0,128258,1.52
2026-01-25,2026-01-25,Nubank | Brand Consideration | Video Views | Q1,Branding,BR_18-34_PageEngagers,Nu_Brand_Reach_Story_InvestmentsTease,Learning (CBO),1-day click,Account Opening,526.07,250607,33,0,190461,1.32
2026-01-28,2026-01-28,Nubank | Brand Consideration | Video Views | Q1,Branding,BR_18-34_PageEngagers,Nu_Brand_Reach_Story_InvestmentsTease,Learning (CBO),1-day click,Account Opening,1251.78,201475,97,2,171254,1.18
2026-01-31,2026-01-31,Nubank | Brand Consideration | Video Views | Q1,Branding,BR_18-34_PageEngagers,Nu_Brand_Reach_Story_InvestmentsTease,Learning (CBO),1-day click,Account Opening,1188.90,431616,132,2,328028,1.32
2026-01-13,2026-01-13,Nubank | Brand Consideration | Video Views | Q1,Branding,BR_35-54_BankingSwitchers,Nu_Brand_Awareness_Reel_Unboxing_Card,Active,1-day click,Account Opening,1679.31,359524,148,3,255262,1.41
2026-01-16,2026-01-16,Nubank | Brand Consideration | Video Views | Q1,Branding,BR_35-54_BankingSwitchers,Nu_Brand_Awareness_Reel_Unboxing_Card,Active,1-day click,Account Opening,2902.00,353131,187,5,229535,1.54
2026-01-19,2026-01-19,Nubank | Brand Consideration | Video Views | Q1,Branding,BR_35-54_BankingSwitchers,Nu_Brand_Awareness_Reel_Unboxing_Card,Active,1-day click,Account Opening,1824.20,333163,50,4,276525,1.20
2026-01-22,2026-01-22,Nubank | Brand Consideration | Video Views | Q1,Branding,BR_35-54_BankingSwitchers,Nu_Brand_Awareness_Reel_Unboxing_Card,Active,1-day click,Account Opening,2118.96,218473,161,4,144192,1.52
2026-01-25,2026-01-25,Nubank | Brand Consideration | Video Views | Q1,Branding,BR_35-54_BankingSwitchers,Nu_Brand_Awareness_Reel_Unboxing_Card,Active,1-day click,Account Opening,3277.60,80617,187,8,55626,1.45
2026-01-28,2026-01-28,Nubank | Brand Consideration | Video Views | Q1,Branding,BR_35-54_BankingSwitchers,Nu_Brand_Awareness_Reel_Unboxing_Card,Active,1-day click,Account Opening,1836.39,240026,66,3,175219,1.37
2026-01-31,2026-01-31,Nubank | Brand Consideration | Video Views | Q1,Branding,BR_35-54_BankingSwitchers,Nu_Brand_Awareness_Reel_Unboxing_Card,Active,1-day click,Account Opening,1031.22,225433,131,2,182601,1.23
2026-02-03,2026-02-03,Nubank | Brand Consideration | Video Views | Q1,Branding,BR_35-54_BankingSwitchers,Nu_Brand_Awareness_Reel_Unboxing_Card,Active,1-day click,Account Opening,2980.88,242855,187,7,196713,1.23
2026-01-13,2026-01-13,Nubank | Brand Consideration | Video Views | Q1,Branding,BR_35-54_BankingSwitchers,Nu_Brand_TopOfMind_StaticBanner_TrustPilot,Active,1-day click,Account Opening,3279.54,344038,114,6,285552,1.20
2026-01-16,2026-01-16,Nubank | Brand Consideration | Video Views | Q1,Branding,BR_35-54_BankingSwitchers,Nu_Brand_TopOfMind_StaticBanner_TrustPilot,Completed,1-day click,Account Opening,3183.30,382164,171,5,294266,1.30
2026-01-19,2026-01-19,Nubank | Brand Consideration | Video Views | Q1,Branding,BR_35-54_BankingSwitchers,Nu_Brand_TopOfMind_StaticBanner_TrustPilot,Active,1-day click,Account Opening,1295.18,210514,156,2,134729,1.56
2026-01-22,2026-01-22,Nubank | Brand Consideration | Video Views | Q1,Branding,BR_35-54_BankingSwitchers,Nu_Brand_TopOfMind_StaticBanner_TrustPilot,Active,1-day click,Account Opening,2869.80,129119,81,5,98130,1.32
2026-01-25,2026-01-25,Nubank | Brand Consideration | Video Views | Q1,Branding,BR_35-54_BankingSwitchers,Nu_Brand_TopOfMind_StaticBanner_TrustPilot,Active,1-day click,Account Opening,1787.00,370307,95,4,225887,1.64
2026-01-28,2026-01-28,Nubank | Brand Consideration | Video Views | Q1,Branding,BR_35-54_BankingSwitchers,Nu_Brand_TopOfMind_StaticBanner_TrustPilot,Active,1-day click,Account Opening,5080.64,300951,76,8,198628,1.52
2026-01-31,2026-01-31,Nubank | Brand Consideration | Video Views | Q1,Branding,BR_35-54_BankingSwitchers,Nu_Brand_TopOfMind_StaticBanner_TrustPilot,Active,1-day click,Account Opening,2483.88,354105,140,6,279743,1.27
2026-02-03,2026-02-03,Nubank | Brand Consideration | Video Views | Q1,Branding,BR_35-54_BankingSwitchers,Nu_Brand_TopOfMind_StaticBanner_TrustPilot,Active,1-day click,Account Opening,2369.56,314957,38,4,258265,1.22
2026-01-13,2026-01-13,Nubank | Brand Consideration | Video Views | Q1,Branding,BR_35-54_BankingSwitchers,Nu_Brand_Consideration_Video_30s_CashbackExplainer,Active,1-day click,Account Opening,2480.40,166589,165,4,114946,1.45
2026-01-16,2026-01-16,Nubank | Brand Consideration | Video Views | Q1,Branding,BR_35-54_BankingSwitchers,Nu_Brand_Consideration_Video_30s_CashbackExplainer,Active,1-day click,Account Opening,2822.61,233078,114,7,165485,1.41
2026-01-19,2026-01-19,Nubank | Brand Consideration | Video Views | Q1,Branding,BR_35-54_BankingSwitchers,Nu_Brand_Consideration_Video_30s_CashbackExplainer,Active,1-day click,Account Opening,1410.81,407966,35,3,269258,1.52
2026-01-22,2026-01-22,Nubank | Brand Consideration | Video Views | Q1,Branding,BR_35-54_BankingSwitchers,Nu_Brand_Consideration_Video_30s_CashbackExplainer,Active,1-day click,Account Opening,3861.48,86656,123,6,68458,1.27
2026-01-25,2026-01-25,Nubank | Brand Consideration | Video Views | Q1,Branding,BR_35-54_BankingSwitchers,Nu_Brand_Consideration_Video_30s_CashbackExplainer,Active,1-day click,Account Opening,960.30,268193,140,2,222600,1.20
2026-01-28,2026-01-28,Nubank | Brand Consideration | Video Views | Q1,Branding,BR_35-54_BankingSwitchers,Nu_Brand_Consideration_Video_30s_CashbackExplainer,Active,1-day click,Account Opening,834.78,280924,53,2,171364,1.64
2026-01-31,2026-01-31,Nubank | Brand Consideration | Video Views | Q1,Branding,BR_35-54_BankingSwitchers,Nu_Brand_Consideration_Video_30s_CashbackExplainer,Active,1-day click,Account Opening,1937.60,150860,193,5,113145,1.33
2026-02-03,2026-02-03,Nubank | Brand Consideration | Video Views | Q1,Branding,BR_35-54_BankingSwitchers,Nu_Brand_Consideration_Video_30s_CashbackExplainer,Active,1-day click,Account Opening,3534.16,304326,118,7,258677,1.18
2026-01-12,2026-01-12,Nubank | Top of Mind | Reach & Frequency | Q1,Branding,BR_AllAdults_TopCities,Nu_Brand_Reach_Carousel_DigitalFirst,Learning Limited,1-day click,Account Opening,341.65,179936,97,0,140350,1.28
2026-01-15,2026-01-15,Nubank | Top of Mind | Reach & Frequency | Q1,Branding,BR_AllAdults_TopCities,Nu_Brand_Reach_Carousel_DigitalFirst,Learning (CBO),1-day click,Account Opening,1174.10,240121,90,2,182492,1.32
2026-01-18,2026-01-18,Nubank | Top of Mind | Reach & Frequency | Q1,Branding,BR_AllAdults_TopCities,Nu_Brand_Reach_Carousel_DigitalFirst,Learning (CBO),1-day click,Account Opening,879.30,188314,183,2,139352,1.35
2026-01-21,2026-01-21,Nubank | Top of Mind | Reach & Frequency | Q1,Branding,BR_AllAdults_TopCities,Nu_Brand_Reach_Carousel_DigitalFirst,Learning Limited,1-day click,Account Opening,1042.22,114872,58,2,94195,1.22
2026-01-24,2026-01-24,Nubank | Top of Mind | Reach & Frequency | Q1,Branding,BR_AllAdults_TopCities,Nu_Brand_Reach_Carousel_DigitalFirst,Learning (CBO),1-day click,Account Opening,1256.12,241693,87,2,176436,1.37
2026-01-27,2026-01-27,Nubank | Top of Mind | Reach & Frequency | Q1,Branding,BR_AllAdults_TopCities,Nu_Brand_Reach_Carousel_DigitalFirst,Learning (CBO),1-day click,Account Opening,500.37,127297,194,1,86562,1.47
2026-01-30,2026-01-30,Nubank | Top of Mind | Reach & Frequency | Q1,Branding,BR_AllAdults_TopCities,Nu_Brand_Reach_Carousel_DigitalFirst,Learning,1-day click,Account Opening,488.50,343704,162,0,261215,1.32
2026-02-02,2026-02-02,Nubank | Top of Mind | Reach & Frequency | Q1,Branding,BR_AllAdults_TopCities,Nu_Brand_Reach_Carousel_DigitalFirst,Learning (CBO),1-day click,Account Opening,557.66,185837,136,0,135661,1.37
2026-02-05,2026-02-05,Nubank | Top of Mind | Reach & Frequency | Q1,Branding,BR_AllAdults_TopCities,Nu_Brand_Reach_Carousel_DigitalFirst,Learning (CBO),1-day click,Account Opening,343.93,272534,84,0,196224,1.39
2026-01-12,2026-01-12,Nubank | Top of Mind | Reach & Frequency | Q1,Branding,BR_AllAdults_TopCities,Nu_Brand_Awareness_Story_PurpleVibes,Learning (CBO),1-day click,Account Opening,345.61,299670,185,0,197782,1.52
2026-01-15,2026-01-15,Nubank | Top of Mind | Reach & Frequency | Q1,Branding,BR_AllAdults_TopCities,Nu_Brand_Awareness_Story_PurpleVibes,Learning,1-day click,Account Opening,1203.38,194188,160,2,128164,1.52
2026-01-18,2026-01-18,Nubank | Top of Mind | Reach & Frequency | Q1,Branding,BR_AllAdults_TopCities,Nu_Brand_Awareness_Story_PurpleVibes,Learning (CBO),1-day click,Account Opening,842.72,399331,107,2,335438,1.19
2026-01-21,2026-01-21,Nubank | Top of Mind | Reach & Frequency | Q1,Branding,BR_AllAdults_TopCities,Nu_Brand_Awareness_Story_PurpleVibes,Learning (CBO),1-day click,Account Opening,1184.82,320025,89,3,208016,1.54
2026-01-24,2026-01-24,Nubank | Top of Mind | Reach & Frequency | Q1,Branding,BR_AllAdults_TopCities,Nu_Brand_Awareness_Story_PurpleVibes,Learning Limited,1-day click,Account Opening,223.82,308143,74,0,258840,1.19
2026-01-27,2026-01-27,Nubank | Top of Mind | Reach & Frequency | Q1,Branding,BR_AllAdults_TopCities,Nu_Brand_Awareness_Story_PurpleVibes,Learning Limited,1-day click,Account Opening,584.21,249472,43,0,169641,1.47
2026-01-30,2026-01-30,Nubank | Top of Mind | Reach & Frequency | Q1,Branding,BR_AllAdults_TopCities,Nu_Brand_Awareness_Story_PurpleVibes,Learning (CBO),1-day click,Account Opening,418.23,367889,44,0,246486,1.49
2026-02-02,2026-02-02,Nubank | Top of Mind | Reach & Frequency | Q1,Branding,BR_AllAdults_TopCities,Nu_Brand_Awareness_Story_PurpleVibes,Learning (CBO),1-day click,Account Opening,525.90,256699,169,0,202792,1.27
2026-02-05,2026-02-05,Nubank | Top of Mind | Reach & Frequency | Q1,Branding,BR_AllAdults_TopCities,Nu_Brand_Awareness_Story_PurpleVibes,Learning Limited,1-day click,Account Opening,393.71,370632,32,0,300212,1.23
2026-01-12,2026-01-12,Nubank | Top of Mind | Reach & Frequency | Q1,Branding,BR_AllAdults_TopCities,Nu_Brand_TopOfMind_Reel_NubankVsTradBanks,Learning Limited,1-day click,Account Opening,411.56,251233,176,0,213548,1.18
2026-01-15,2026-01-15,Nubank | Top of Mind | Reach & Frequency | Q1,Branding,BR_AllAdults_TopCities,Nu_Brand_TopOfMind_Reel_NubankVsTradBanks,Learning (CBO),1-day click,Account Opening,524.50,433181,80,0,363872,1.19
2026-01-18,2026-01-18,Nubank | Top of Mind | Reach & Frequency | Q1,Branding,BR_AllAdults_TopCities,Nu_Brand_TopOfMind_Reel_NubankVsTradBanks,Learning,1-day click,Account Opening,273.92,302767,192,0,190743,1.59
2026-01-21,2026-01-21,Nubank | Top of Mind | Reach & Frequency | Q1,Branding,BR_AllAdults_TopCities,Nu_Brand_TopOfMind_Reel_NubankVsTradBanks,Learning (CBO),1-day click,Account Opening,528.95,427309,70,0,273478,1.56
2026-01-24,2026-01-24,Nubank | Top of Mind | Reach & Frequency | Q1,Branding,BR_AllAdults_TopCities,Nu_Brand_TopOfMind_Reel_NubankVsTradBanks,Learning Limited,1-day click,Account Opening,544.49,302459,127,0,196598,1.54
2026-01-27,2026-01-27,Nubank | Top of Mind | Reach & Frequency | Q1,Branding,BR_AllAdults_TopCities,Nu_Brand_TopOfMind_Reel_NubankVsTradBanks,Learning (CBO),1-day click,Account Opening,491.93,307693,110,0,255385,1.20
2026-01-30,2026-01-30,Nubank | Top of Mind | Reach & Frequency | Q1,Branding,BR_AllAdults_TopCities,Nu_Brand_TopOfMind_Reel_NubankVsTradBanks,Learning,1-day click,Account Opening,178.84,365793,42,0,256055,1.43
2026-02-02,2026-02-02,Nubank | Top of Mind | Reach & Frequency | Q1,Branding,BR_AllAdults_TopCities,Nu_Brand_TopOfMind_Reel_NubankVsTradBanks,Learning,1-day click,Account Opening,430.72,245020,32,0,178865,1.37
2026-02-05,2026-02-05,Nubank | Top of Mind | Reach & Frequency | Q1,Branding,BR_AllAdults_TopCities,Nu_Brand_TopOfMind_Reel_NubankVsTradBanks,Learning Limited,1-day click,Account Opening,321.28,367543,78,0,264631,1.39
2026-01-12,2026-01-12,Nubank | Top of Mind | Reach & Frequency | Q1,Branding,BR_AllAdults_TopCities,Nu_Brand_Consideration_StaticBanner_SecurityFeatures,Learning Limited,1-day click,Account Opening,1093.96,321225,37,2,263405,1.22
2026-01-15,2026-01-15,Nubank | Top of Mind | Reach & Frequency | Q1,Branding,BR_AllAdults_TopCities,Nu_Brand_Consideration_StaticBanner_SecurityFeatures,Learning Limited,1-day click,Account Opening,370.84,284816,134,0,227853,1.25
2026-01-18,2026-01-18,Nubank | Top of Mind | Reach & Frequency | Q1,Branding,BR_AllAdults_TopCities,Nu_Brand_Consideration_StaticBanner_SecurityFeatures,Learning,1-day click,Account Opening,387.64,163569,181,0,135762,1.20
2026-01-21,2026-01-21,Nubank | Top of Mind | Reach & Frequency | Q1,Branding,BR_AllAdults_TopCities,Nu_Brand_Consideration_StaticBanner_SecurityFeatures,Learning (CBO),1-day click,Account Opening,1881.30,421687,112,3,350000,1.20
2026-01-24,2026-01-24,Nubank | Top of Mind | Reach & Frequency | Q1,Branding,BR_AllAdults_TopCities,Nu_Brand_Consideration_StaticBanner_SecurityFeatures,Learning,1-day click,Account Opening,582.96,233653,186,1,186922,1.25
2026-01-27,2026-01-27,Nubank | Top of Mind | Reach & Frequency | Q1,Branding,BR_AllAdults_TopCities,Nu_Brand_Consideration_StaticBanner_SecurityFeatures,Learning (CBO),1-day click,Account Opening,281.42,398480,55,0,286906,1.39
2026-01-30,2026-01-30,Nubank | Top of Mind | Reach & Frequency | Q1,Branding,BR_AllAdults_TopCities,Nu_Brand_Consideration_StaticBanner_SecurityFeatures,Learning (CBO),1-day click,Account Opening,905.66,131276,192,2,99770,1.32
2026-02-02,2026-02-02,Nubank | Top of Mind | Reach & Frequency | Q1,Branding,BR_AllAdults_TopCities,Nu_Brand_Consideration_StaticBanner_SecurityFeatures,Learning,1-day click,Account Opening,920.08,172574,181,2,141511,1.22
2026-02-05,2026-02-05,Nubank | Top of Mind | Reach & Frequency | Q1,Branding,BR_AllAdults_TopCities,Nu_Brand_Consideration_StaticBanner_SecurityFeatures,Learning (CBO),1-day click,Account Opening,546.37,97616,86,0,67355,1.45
2026-01-12,2026-01-12,Nubank | Top of Mind | Reach & Frequency | Q1,Branding,BR_18-44_HighIncome,Nu_Brand_Reach_Video_15s_PIX_Fast,Learning (CBO),1-day click,Account Opening,549.44,196774,47,0,131839,1.49
2026-01-15,2026-01-15,Nubank | Top of Mind | Reach & Frequency | Q1,Branding,BR_18-44_HighIncome,Nu_Brand_Reach_Video_15s_PIX_Fast,Learning,1-day click,Account Opening,1359.51,180885,187,3,113958,1.59
2026-01-18,2026-01-18,Nubank | Top of Mind | Reach & Frequency | Q1,Branding,BR_18-44_HighIncome,Nu_Brand_Reach_Video_15s_PIX_Fast,Learning (CBO),1-day click,Account Opening,447.24,98668,71,0,74988,1.32
2026-01-21,2026-01-21,Nubank | Top of Mind | Reach & Frequency | Q1,Branding,BR_18-44_HighIncome,Nu_Brand_Reach_Video_15s_PIX_Fast,Learning (CBO),1-day click,Account Opening,503.63,323640,171,1,255676,1.27
2026-01-24,2026-01-24,Nubank | Top of Mind | Reach & Frequency | Q1,Branding,BR_18-44_HighIncome,Nu_Brand_Reach_Video_15s_PIX_Fast,Learning Limited,1-day click,Account Opening,892.80,314333,54,2,254610,1.23
2026-01-27,2026-01-27,Nubank | Top of Mind | Reach & Frequency | Q1,Branding,BR_18-44_HighIncome,Nu_Brand_Reach_Video_15s_PIX_Fast,Learning Limited,1-day click,Account Opening,524.41,313166,69,0,231743,1.35
2026-01-30,2026-01-30,Nubank | Top of Mind | Reach & Frequency | Q1,Branding,BR_18-44_HighIncome,Nu_Brand_Reach_Video_15s_PIX_Fast,Learning,1-day click,Account Opening,254.29,276552,112,0,204648,1.35
2026-01-12,2026-01-12,Nubank | Top of Mind | Reach & Frequency | Q1,Branding,BR_18-44_HighIncome,Nu_Brand_Awareness_Carousel_Awards,Learning (CBO),1-day click,Account Opening,535.57,228729,133,0,157823,1.45
2026-01-15,2026-01-15,Nubank | Top of Mind | Reach & Frequency | Q1,Branding,BR_18-44_HighIncome,Nu_Brand_Awareness_Carousel_Awards,Learning (CBO),1-day click,Account Opening,277.90,420917,51,0,307269,1.37
2026-01-18,2026-01-18,Nubank | Top of Mind | Reach & Frequency | Q1,Branding,BR_18-44_HighIncome,Nu_Brand_Awareness_Carousel_Awards,Learning Limited,1-day click,Account Opening,599.41,228306,139,1,171230,1.33
2026-01-21,2026-01-21,Nubank | Top of Mind | Reach & Frequency | Q1,Branding,BR_18-44_HighIncome,Nu_Brand_Awareness_Carousel_Awards,Learning Limited,1-day click,Account Opening,1192.88,360408,33,2,255890,1.41
2026-01-24,2026-01-24,Nubank | Top of Mind | Reach & Frequency | Q1,Branding,BR_18-44_HighIncome,Nu_Brand_Awareness_Carousel_Awards,Learning,1-day click,Account Opening,1537.53,339711,93,3,281960,1.20
2026-01-27,2026-01-27,Nubank | Top of Mind | Reach & Frequency | Q1,Branding,BR_18-44_HighIncome,Nu_Brand_Awareness_Carousel_Awards,Learning Limited,1-day click,Account Opening,621.40,277957,186,1,197349,1.41
2026-01-30,2026-01-30,Nubank | Top of Mind | Reach & Frequency | Q1,Branding,BR_18-44_HighIncome,Nu_Brand_Awareness_Carousel_Awards,Learning,1-day click,Account Opening,244.44,120601,99,0,79597,1.52
2026-01-12,2026-01-12,Nubank | Top of Mind | Reach & Frequency | Q1,Branding,BR_18-44_HighIncome,Nu_Brand_TopOfMind_Story_50MClients,Learning,1-day click,Account Opening,270.80,383986,57,0,307189,1.25
2026-01-15,2026-01-15,Nubank | Top of Mind | Reach & Frequency | Q1,Branding,BR_18-44_HighIncome,Nu_Brand_TopOfMind_Story_50MClients,Learning (CBO),1-day click,Account Opening,1026.82,365927,179,2,278105,1.32
2026-01-18,2026-01-18,Nubank | Top of Mind | Reach & Frequency | Q1,Branding,BR_18-44_HighIncome,Nu_Brand_TopOfMind_Story_50MClients,Learning Limited,1-day click,Account Opening,566.54,403730,185,0,266462,1.52
2026-01-21,2026-01-21,Nubank | Top of Mind | Reach & Frequency | Q1,Branding,BR_18-44_HighIncome,Nu_Brand_TopOfMind_Story_50MClients,Learning,1-day click,Account Opening,1081.82,328725,111,2,200522,1.64
2026-01-24,2026-01-24,Nubank | Top of Mind | Reach & Frequency | Q1,Branding,BR_18-44_HighIncome,Nu_Brand_TopOfMind_Story_50MClients,Learning Limited,1-day click,Account Opening,1908.45,442090,184,3,362514,1.22
2026-01-27,2026-01-27,Nubank | Top of Mind | Reach & Frequency | Q1,Branding,BR_18-44_HighIncome,Nu_Brand_TopOfMind_Story_50MClients,Learning Limited,1-day click,Account Opening,800.50,182126,34,2,140237,1.30
2026-01-30,2026-01-30,Nubank | Top of Mind | Reach & Frequency | Q1,Branding,BR_18-44_HighIncome,Nu_Brand_TopOfMind_Story_50MClients,Learning (CBO),1-day click,Account Opening,578.97,164358,114,1,106833,1.54
2026-01-14,2026-01-14,Nubank | Top of Mind | Reach & Frequency | Q1,Branding,BR_25-44_CompetitorAudience,Nu_Brand_Consideration_Reel_AppWalkthrough,Learning Limited,1-day click,Account Opening,843.80,257469,96,2,185378,1.39
2026-01-17,2026-01-17,Nubank | Top of Mind | Reach & Frequency | Q1,Branding,BR_25-44_CompetitorAudience,Nu_Brand_Consideration_Reel_AppWalkthrough,Learning Limited,1-day click,Account Opening,392.62,392983,85,0,290807,1.35
2026-01-20,2026-01-20,Nubank | Top of Mind | Reach & Frequency | Q1,Branding,BR_25-44_CompetitorAudience,Nu_Brand_Consideration_Reel_AppWalkthrough,Learning Limited,1-day click,Account Opening,1929.00,291545,187,3,212828,1.37
2026-01-23,2026-01-23,Nubank | Top of Mind | Reach & Frequency | Q1,Branding,BR_25-44_CompetitorAudience,Nu_Brand_Consideration_Reel_AppWalkthrough,Learning (CBO),1-day click,Account Opening,599.37,312457,156,0,209346,1.49
2026-01-26,2026-01-26,Nubank | Top of Mind | Reach & Frequency | Q1,Branding,BR_25-44_CompetitorAudience,Nu_Brand_Consideration_Reel_AppWalkthrough,Learning Limited,1-day click,Account Opening,1108.72,145659,199,2,116527,1.25
2026-01-29,2026-01-29,Nubank | Top of Mind | Reach & Frequency | Q1,Branding,BR_25-44_CompetitorAudience,Nu_Brand_Consideration_Reel_AppWalkthrough,Learning (CBO),1-day click,Account Opening,415.42,294949,80,0,244808,1.20
2026-02-01,2026-02-01,Nubank | Top of Mind | Reach & Frequency | Q1,Branding,BR_25-44_CompetitorAudience,Nu_Brand_Consideration_Reel_AppWalkthrough,Learning (CBO),1-day click,Account Opening,1464.27,271094,73,3,181633,1.49
2026-01-14,2026-01-14,Nubank | Top of Mind | Reach & Frequency | Q1,Branding,BR_25-44_CompetitorAudience,Nu_Brand_Reach_StaticBanner_ZeroFees_v2,Learning Limited,1-day click,Account Opening,537.97,103129,159,0,63940,1.61
2026-01-17,2026-01-17,Nubank | Top of Mind | Reach & Frequency | Q1,Branding,BR_25-44_CompetitorAudience,Nu_Brand_Reach_StaticBanner_ZeroFees_v2,Learning Limited,1-day click,Account Opening,1236.04,430958,41,2,284432,1.52
2026-01-20,2026-01-20,Nubank | Top of Mind | Reach & Frequency | Q1,Branding,BR_25-44_CompetitorAudience,Nu_Brand_Reach_StaticBanner_ZeroFees_v2,Learning Limited,1-day click,Account Opening,1257.16,425085,141,2,280556,1.52
2026-01-23,2026-01-23,Nubank | Top of Mind | Reach & Frequency | Q1,Branding,BR_25-44_CompetitorAudience,Nu_Brand_Reach_StaticBanner_ZeroFees_v2,Learning,1-day click,Account Opening,504.87,275763,142,0,198549,1.39
2026-01-26,2026-01-26,Nubank | Top of Mind | Reach & Frequency | Q1,Branding,BR_25-44_CompetitorAudience,Nu_Brand_Reach_StaticBanner_ZeroFees_v2,Learning,1-day click,Account Opening,240.50,82494,41,0,57746,1.43
2026-01-29,2026-01-29,Nubank | Top of Mind | Reach & Frequency | Q1,Branding,BR_25-44_CompetitorAudience,Nu_Brand_Reach_StaticBanner_ZeroFees_v2,Learning,1-day click,Account Opening,253.02,399275,130,0,243558,1.64
2026-02-01,2026-02-01,Nubank | Top of Mind | Reach & Frequency | Q1,Branding,BR_25-44_CompetitorAudience,Nu_Brand_Reach_StaticBanner_ZeroFees_v2,Learning Limited,1-day click,Account Opening,461.38,143961,164,0,99333,1.45
2026-01-14,2026-01-14,Nubank | Top of Mind | Reach & Frequency | Q1,Branding,BR_25-44_CompetitorAudience,Nu_Brand_Awareness_Video_6s_LogoReveal,Learning,1-day click,Account Opening,292.01,134266,182,0,104727,1.28
2026-01-17,2026-01-17,Nubank | Top of Mind | Reach & Frequency | Q1,Branding,BR_25-44_CompetitorAudience,Nu_Brand_Awareness_Video_6s_LogoReveal,Learning,1-day click,Account Opening,247.33,126630,186,0,107636,1.18
2026-01-20,2026-01-20,Nubank | Top of Mind | Reach & Frequency | Q1,Branding,BR_25-44_CompetitorAudience,Nu_Brand_Awareness_Video_6s_LogoReveal,Learning (CBO),1-day click,Account Opening,360.71,341835,53,0,290560,1.18
2026-01-23,2026-01-23,Nubank | Top of Mind | Reach & Frequency | Q1,Branding,BR_25-44_CompetitorAudience,Nu_Brand_Awareness_Video_6s_LogoReveal,Learning (CBO),1-day click,Account Opening,1287.60,319648,143,2,233343,1.37
2026-01-26,2026-01-26,Nubank | Top of Mind | Reach & Frequency | Q1,Branding,BR_25-44_CompetitorAudience,Nu_Brand_Awareness_Video_6s_LogoReveal,Learning Limited,1-day click,Account Opening,284.06,246106,96,0,174735,1.41
2026-01-29,2026-01-29,Nubank | Top of Mind | Reach & Frequency | Q1,Branding,BR_25-44_CompetitorAudience,Nu_Brand_Awareness_Video_6s_LogoReveal,Learning (CBO),1-day click,Account Opening,887.28,344428,197,2,289320,1.19
2026-02-01,2026-02-01,Nubank | Top of Mind | Reach & Frequency | Q1,Branding,BR_25-44_CompetitorAudience,Nu_Brand_Awareness_Video_6s_LogoReveal,Learning (CBO),1-day click,Account Opening,327.06,279901,40,0,179137,1.56
2026-01-13,2026-01-13,Nubank | Brand Lift | Awareness | Feb,Branding,BR_18-34_NewUsers_Lookalike,Nu_Brand_TopOfMind_Carousel_Sustainability,Learning,1-day click,Account Opening,536.88,290425,137,0,235244,1.23
2026-01-16,2026-01-16,Nubank | Brand Lift | Awareness | Feb,Branding,BR_18-34_NewUsers_Lookalike,Nu_Brand_TopOfMind_Carousel_Sustainability,Learning Limited,1-day click,Account Opening,1275.66,361731,88,2,285767,1.27
2026-01-19,2026-01-19,Nubank | Brand Lift | Awareness | Feb,Branding,BR_18-34_NewUsers_Lookalike,Nu_Brand_TopOfMind_Carousel_Sustainability,Learning,1-day click,Account Opening,1180.00,426886,193,2,324433,1.32
2026-01-22,2026-01-22,Nubank | Brand Lift | Awareness | Feb,Branding,BR_18-34_NewUsers_Lookalike,Nu_Brand_TopOfMind_Carousel_Sustainability,Learning Limited,1-day click,Account Opening,1117.58,142347,110,2,112454,1.27
2026-01-25,2026-01-25,Nubank | Brand Lift | Awareness | Feb,Branding,BR_18-34_NewUsers_Lookalike,Nu_Brand_TopOfMind_Carousel_Sustainability,Learning Limited,1-day click,Account Opening,411.30,240216,100,0,180162,1.33
2026-01-13,2026-01-13,Nubank | Brand Lift | Awareness | Feb,Branding,BR_18-34_NewUsers_Lookalike,Nu_Brand_Consideration_Story_Savings_Feature,Learning (CBO),1-day click,Account Opening,404.39,376363,155,0,286036,1.32
2026-01-16,2026-01-16,Nubank | Brand Lift | Awareness | Feb,Branding,BR_18-34_NewUsers_Lookalike,Nu_Brand_Consideration_Story_Savings_Feature,Learning,1-day click,Account Opening,369.74,415049,90,0,282233,1.47
2026-01-19,2026-01-19,Nubank | Brand Lift | Awareness | Feb,Branding,BR_18-34_NewUsers_Lookalike,Nu_Brand_Consideration_Story_Savings_Feature,Learning,1-day click,Account Opening,1205.38,345923,38,2,245605,1.41
2026-01-22,2026-01-22,Nubank | Brand Lift | Awareness | Feb,Branding,BR_18-34_NewUsers_Lookalike,Nu_Brand_Consideration_Story_Savings_Feature,Learning Limited,1-day click,Account Opening,482.63,166897,176,0,126842,1.32
2026-01-25,2026-01-25,Nubank | Brand Lift | Awareness | Feb,Branding,BR_18-34_NewUsers_Lookalike,Nu_Brand_Consideration_Story_Savings_Feature,Learning Limited,1-day click,Account Opening,237.37,370918,162,0,248515,1.49
2026-01-13,2026-01-13,Nubank | Brand Lift | Awareness | Feb,Branding,BR_18-34_NewUsers_Lookalike,Nu_Brand_Reach_Reel_CustomerTestimonial_02,Learning Limited,1-day click,Account Opening,1270.48,442654,73,2,358550,1.23
2026-01-16,2026-01-16,Nubank | Brand Lift | Awareness | Feb,Branding,BR_18-34_NewUsers_Lookalike,Nu_Brand_Reach_Reel_CustomerTestimonial_02,Learning (CBO),1-day click,Account Opening,1378.80,432414,199,3,341607,1.27
2026-01-19,2026-01-19,Nubank | Brand Lift | Awareness | Feb,Branding,BR_18-34_NewUsers_Lookalike,Nu_Brand_Reach_Reel_CustomerTestimonial_02,Learning,1-day click,Account Opening,496.72,420989,119,1,252593,1.67
2026-01-22,2026-01-22,Nubank | Brand Lift | Awareness | Feb,Branding,BR_18-34_NewUsers_Lookalike,Nu_Brand_Reach_Reel_CustomerTestimonial_02,Learning Limited,1-day click,Account Opening,155.48,237346,67,0,189877,1.25
2026-01-25,2026-01-25,Nubank | Brand Lift | Awareness | Feb,Branding,BR_18-34_NewUsers_Lookalike,Nu_Brand_Reach_Reel_CustomerTestimonial_02,Learning,1-day click,Account Opening,1121.38,84140,46,2,53850,1.56
2026-01-15,2026-01-15,Nubank | Brand Lift | Awareness | Feb,Branding,BR_25-44_RetargetEngagers,Nu_Brand_Awareness_Hero_Video_15s,Learning (CBO),1-day click,Account Opening,887.40,306685,91,2,217746,1.41
2026-01-18,2026-01-18,Nubank | Brand Lift | Awareness | Feb,Branding,BR_25-44_RetargetEngagers,Nu_Brand_Awareness_Hero_Video_15s,Learning (CBO),1-day click,Account Opening,183.81,165964,42,0,136090,1.22
2026-01-21,2026-01-21,Nubank | Brand Lift | Awareness | Feb,Branding,BR_25-44_RetargetEngagers,Nu_Brand_Awareness_Hero_Video_15s,Learning (CBO),1-day click,Account Opening,487.65,233986,155,0,163790,1.43
2026-01-24,2026-01-24,Nubank | Brand Lift | Awareness | Feb,Branding,BR_25-44_RetargetEngagers,Nu_Brand_Awareness_Hero_Video_15s,Learning (CBO),1-day click,Account Opening,622.20,128656,33,1,90059,1.43
2026-01-27,2026-01-27,Nubank | Brand Lift | Awareness | Feb,Branding,BR_25-44_RetargetEngagers,Nu_Brand_Awareness_Hero_Video_15s,Learning,1-day click,Account Opening,1593.00,430913,60,3,305948,1.41
2026-01-30,2026-01-30,Nubank | Brand Lift | Awareness | Feb,Branding,BR_25-44_RetargetEngagers,Nu_Brand_Awareness_Hero_Video_15s,Learning,1-day click,Account Opening,321.62,245769,112,0,149919,1.64
2026-02-02,2026-02-02,Nubank | Brand Lift | Awareness | Feb,Branding,BR_25-44_RetargetEngagers,Nu_Brand_Awareness_Hero_Video_15s,Learning,1-day click,Account Opening,1770.42,256310,186,3,197359,1.30
2026-02-05,2026-02-05,Nubank | Brand Lift | Awareness | Feb,Branding,BR_25-44_RetargetEngagers,Nu_Brand_Awareness_Hero_Video_15s,Learning (CBO),1-day click,Account Opening,1248.96,283731,98,2,201449,1.41
2026-01-15,2026-01-15,Nubank | Brand Lift | Awareness | Feb,Branding,BR_25-44_RetargetEngagers,Nu_Brand_TopOfMind_Carousel_Lifestyle,Learning,1-day click,Account Opening,561.79,393055,182,0,294791,1.33
2026-01-18,2026-01-18,Nubank | Brand Lift | Awareness | Feb,Branding,BR_25-44_RetargetEngagers,Nu_Brand_TopOfMind_Carousel_Lifestyle,Learning,1-day click,Account Opening,1077.34,147825,171,2,101999,1.45
2026-01-21,2026-01-21,Nubank | Brand Lift | Awareness | Feb,Branding,BR_25-44_RetargetEngagers,Nu_Brand_TopOfMind_Carousel_Lifestyle,Learning Limited,1-day click,Account Opening,561.27,342680,57,0,253583,1.35
2026-01-24,2026-01-24,Nubank | Brand Lift | Awareness | Feb,Branding,BR_25-44_RetargetEngagers,Nu_Brand_TopOfMind_Carousel_Lifestyle,Learning (CBO),1-day click,Account Opening,353.24,132247,128,0,101830,1.30
2026-01-27,2026-01-27,Nubank | Brand Lift | Awareness | Feb,Branding,BR_25-44_RetargetEngagers,Nu_Brand_TopOfMind_Carousel_Lifestyle,Learning,1-day click,Account Opening,409.25,95682,74,1,76546,1.25
2026-01-30,2026-01-30,Nubank | Brand Lift | Awareness | Feb,Branding,BR_25-44_RetargetEngagers,Nu_Brand_TopOfMind_Carousel_Lifestyle,Learning Limited,1-day click,Account Opening,190.52,88832,69,0,61294,1.45
2026-02-02,2026-02-02,Nubank | Brand Lift | Awareness | Feb,Branding,BR_25-44_RetargetEngagers,Nu_Brand_TopOfMind_Carousel_Lifestyle,Learning,1-day click,Account Opening,420.83,83419,198,1,70072,1.19
2026-02-05,2026-02-05,Nubank | Brand Lift | Awareness | Feb,Branding,BR_25-44_RetargetEngagers,Nu_Brand_TopOfMind_Carousel_Lifestyle,Learning Limited,1-day click,Account Opening,364.90,118594,126,0,88946,1.33
2026-01-15,2026-01-15,Nubank | Brand Lift | Awareness | Feb,Branding,BR_25-44_RetargetEngagers,Nu_Brand_Consideration_StaticBanner_Purple,Learning (CBO),1-day click,Account Opening,1241.10,373207,61,2,231388,1.61
2026-01-18,2026-01-18,Nubank | Brand Lift | Awareness | Feb,Branding,BR_25-44_RetargetEngagers,Nu_Brand_Consideration_StaticBanner_Purple,Learning Limited,1-day click,Account Opening,556.91,432558,137,0,354698,1.22
2026-01-21,2026-01-21,Nubank | Brand Lift | Awareness | Feb,Branding,BR_25-44_RetargetEngagers,Nu_Brand_Consideration_StaticBanner_Purple,Learning,1-day click,Account Opening,1912.32,263083,81,3,215728,1.22
2026-01-24,2026-01-24,Nubank | Brand Lift | Awareness | Feb,Branding,BR_25-44_RetargetEngagers,Nu_Brand_Consideration_StaticBanner_Purple,Learning (CBO),1-day click,Account Opening,249.27,165601,125,0,105985,1.56
2026-01-27,2026-01-27,Nubank | Brand Lift | Awareness | Feb,Branding,BR_25-44_RetargetEngagers,Nu_Brand_Consideration_StaticBanner_Purple,Learning Limited,1-day click,Account Opening,502.69,424433,139,1,314080,1.35
2026-01-30,2026-01-30,Nubank | Brand Lift | Awareness | Feb,Branding,BR_25-44_RetargetEngagers,Nu_Brand_Consideration_StaticBanner_Purple,Learning Limited,1-day click,Account Opening,1036.00,425824,105,2,272527,1.56
2026-02-02,2026-02-02,Nubank | Brand Lift | Awareness | Feb,Branding,BR_25-44_RetargetEngagers,Nu_Brand_Consideration_StaticBanner_Purple,Learning (CBO),1-day click,Account Opening,978.14,203246,54,2,130077,1.56
2026-02-05,2026-02-05,Nubank | Brand Lift | Awareness | Feb,Branding,BR_25-44_RetargetEngagers,Nu_Brand_Consideration_StaticBanner_Purple,Learning,1-day click,Account Opening,1097.20,203807,145,2,171198,1.19
2026-01-14,2026-01-14,Nubank | Conversions | Account Opening | Q1,E-commerce,BR_18-34_LAL_Openers_1pct,Nu_Ecom_Conversion_OpenAccount_Video_15s,Active,"7-day click, 1-day view",Account Opening,779.44,157688,303,8,108805,1.45
2026-01-17,2026-01-17,Nubank | Conversions | Account Opening | Q1,E-commerce,BR_18-34_LAL_Openers_1pct,Nu_Ecom_Conversion_OpenAccount_Video_15s,Active,"7-day click, 1-day view",Account Opening,2044.70,151293,132,14,118009,1.28
2026-01-20,2026-01-20,Nubank | Conversions | Account Opening | Q1,E-commerce,BR_18-34_LAL_Openers_1pct,Nu_Ecom_Conversion_OpenAccount_Video_15s,Active,"7-day click, 1-day view",Account Opening,3282.20,129475,214,20,94517,1.37
2026-01-23,2026-01-23,Nubank | Conversions | Account Opening | Q1,E-commerce,BR_18-34_LAL_Openers_1pct,Nu_Ecom_Conversion_OpenAccount_Video_15s,Active,"7-day click, 1-day view",Account Opening,1982.70,589209,98,15,424230,1.39
2026-01-26,2026-01-26,Nubank | Conversions | Account Opening | Q1,E-commerce,BR_18-34_LAL_Openers_1pct,Nu_Ecom_Conversion_OpenAccount_Video_15s,Active,"7-day click, 1-day view",Account Opening,4103.06,215794,443,26,189899,1.14
2026-01-29,2026-01-29,Nubank | Conversions | Account Opening | Q1,E-commerce,BR_18-34_LAL_Openers_1pct,Nu_Ecom_Conversion_OpenAccount_Video_15s,Active,"7-day click, 1-day view",Account Opening,1063.70,135016,302,10,106663,1.27
2026-02-01,2026-02-01,Nubank | Conversions | Account Opening | Q1,E-commerce,BR_18-34_LAL_Openers_1pct,Nu_Ecom_Conversion_OpenAccount_Video_15s,Active,"7-day click, 1-day view",Account Opening,1850.03,252461,235,13,199444,1.27
2026-01-14,2026-01-14,Nubank | Conversions | Account Opening | Q1,E-commerce,BR_18-34_LAL_Openers_1pct,Nu_Ecom_Conversion_CreditCard_Carousel,Active,"7-day click, 1-day view",Account Opening,5040.00,313070,481,35,216018,1.45
2026-01-17,2026-01-17,Nubank | Conversions | Account Opening | Q1,E-commerce,BR_18-34_LAL_Openers_1pct,Nu_Ecom_Conversion_CreditCard_Carousel,Active,"7-day click, 1-day view",Account Opening,2197.44,536013,362,18,375209,1.43
2026-01-20,2026-01-20,Nubank | Conversions | Account Opening | Q1,E-commerce,BR_18-34_LAL_Openers_1pct,Nu_Ecom_Conversion_CreditCard_Carousel,Active,"7-day click, 1-day view",Account Opening,2646.70,110185,316,19,89250,1.23
2026-01-23,2026-01-23,Nubank | Conversions | Account Opening | Q1,E-commerce,BR_18-34_LAL_Openers_1pct,Nu_Ecom_Conversion_CreditCard_Carousel,Active,"7-day click, 1-day view",Account Opening,4778.73,134978,142,33,89085,1.52
2026-01-26,2026-01-26,Nubank | Conversions | Account Opening | Q1,E-commerce,BR_18-34_LAL_Openers_1pct,Nu_Ecom_Conversion_CreditCard_Carousel,Active,"7-day click, 1-day view",Account Opening,2143.36,240212,334,16,158540,1.52
2026-01-29,2026-01-29,Nubank | Conversions | Account Opening | Q1,E-commerce,BR_18-34_LAL_Openers_1pct,Nu_Ecom_Conversion_CreditCard_Carousel,Active,"7-day click, 1-day view",Account Opening,1155.44,414580,238,8,294352,1.41
2026-02-01,2026-02-01,Nubank | Conversions | Account Opening | Q1,E-commerce,BR_18-34_LAL_Openers_1pct,Nu_Ecom_Conversion_CreditCard_Carousel,Active,"7-day click, 1-day view",Account Opening,3261.80,555776,232,20,383485,1.45
2026-01-14,2026-01-14,Nubank | Conversions | Account Opening | Q1,E-commerce,BR_18-34_LAL_Openers_1pct,Nu_Ecom_LeadGen_StaticBanner_SignUp,Active,"7-day click, 1-day view",Account Opening,2285.04,231972,374,24,167020,1.39
2026-01-17,2026-01-17,Nubank | Conversions | Account Opening | Q1,E-commerce,BR_18-34_LAL_Openers_1pct,Nu_Ecom_LeadGen_StaticBanner_SignUp,Active,"7-day click, 1-day view",Account Opening,1473.24,216100,370,12,149109,1.45
2026-01-20,2026-01-20,Nubank | Conversions | Account Opening | Q1,E-commerce,BR_18-34_LAL_Openers_1pct,Nu_Ecom_LeadGen_StaticBanner_SignUp,Active,"7-day click, 1-day view",Account Opening,4088.25,393158,96,25,271279,1.45
2026-01-23,2026-01-23,Nubank | Conversions | Account Opening | Q1,E-commerce,BR_18-34_LAL_Openers_1pct,Nu_Ecom_LeadGen_StaticBanner_SignUp,Active,"7-day click, 1-day view",Account Opening,1425.96,136863,116,12,114965,1.19
2026-01-26,2026-01-26,Nubank | Conversions | Account Opening | Q1,E-commerce,BR_18-34_LAL_Openers_1pct,Nu_Ecom_LeadGen_StaticBanner_SignUp,Active,"7-day click, 1-day view",Account Opening,1938.69,435426,394,13,287381,1.52
2026-01-29,2026-01-29,Nubank | Conversions | Account Opening | Q1,E-commerce,BR_18-34_LAL_Openers_1pct,Nu_Ecom_LeadGen_StaticBanner_SignUp,Active,"7-day click, 1-day view",Account Opening,2375.41,233355,231,17,170349,1.37
2026-02-01,2026-02-01,Nubank | Conversions | Account Opening | Q1,E-commerce,BR_18-34_LAL_Openers_1pct,Nu_Ecom_LeadGen_StaticBanner_SignUp,Completed,"7-day click, 1-day view",Account Opening,2955.50,390564,263,25,292923,1.33
2026-01-14,2026-01-14,Nubank | Conversions | Account Opening | Q1,E-commerce,BR_25-44_Interest_Banking,Nu_Ecom_Conversion_Story_InstantApproval,Active,"7-day click, 1-day view",Account Opening,2777.99,297069,488,19,225772,1.32
2026-01-17,2026-01-17,Nubank | Conversions | Account Opening | Q1,E-commerce,BR_25-44_Interest_Banking,Nu_Ecom_Conversion_Story_InstantApproval,Active,"7-day click, 1-day view",Account Opening,1294.70,330401,470,11,237889,1.39
2026-01-20,2026-01-20,Nubank | Conversions | Account Opening | Q1,E-commerce,BR_25-44_Interest_Banking,Nu_Ecom_Conversion_Story_InstantApproval,Active,"7-day click, 1-day view",Account Opening,3954.88,236359,382,32,205632,1.15
2026-01-23,2026-01-23,Nubank | Conversions | Account Opening | Q1,E-commerce,BR_25-44_Interest_Banking,Nu_Ecom_Conversion_Story_InstantApproval,Active,"7-day click, 1-day view",Account Opening,3140.42,348699,383,23,254550,1.37
2026-01-26,2026-01-26,Nubank | Conversions | Account Opening | Q1,E-commerce,BR_25-44_Interest_Banking,Nu_Ecom_Conversion_Story_InstantApproval,Active,"7-day click, 1-day view",Account Opening,2734.24,456859,85,23,379193,1.20
2026-01-29,2026-01-29,Nubank | Conversions | Account Opening | Q1,E-commerce,BR_25-44_Interest_Banking,Nu_Ecom_Conversion_Story_InstantApproval,Active,"7-day click, 1-day view",Account Opening,2208.80,121089,303,20,82341,1.47
2026-02-01,2026-02-01,Nubank | Conversions | Account Opening | Q1,E-commerce,BR_25-44_Interest_Banking,Nu_Ecom_Conversion_Story_InstantApproval,Active,"7-day click, 1-day view",Account Opening,3253.60,268405,498,28,195936,1.37
2026-01-14,2026-01-14,Nubank | Conversions | Account Opening | Q1,E-commerce,BR_25-44_Interest_Banking,Nu_Ecom_Conversion_Reel_AppDownload_CTA,Active,"7-day click, 1-day view",Account Opening,4089.21,346973,217,31,232472,1.49
2026-01-17,2026-01-17,Nubank | Conversions | Account Opening | Q1,E-commerce,BR_25-44_Interest_Banking,Nu_Ecom_Conversion_Reel_AppDownload_CTA,Active,"7-day click, 1-day view",Account Opening,3053.12,393797,116,32,295348,1.33
2026-01-20,2026-01-20,Nubank | Conversions | Account Opening | Q1,E-commerce,BR_25-44_Interest_Banking,Nu_Ecom_Conversion_Reel_AppDownload_CTA,Active,"7-day click, 1-day view",Account Opening,2303.52,216263,462,16,183824,1.18
2026-01-23,2026-01-23,Nubank | Conversions | Account Opening | Q1,E-commerce,BR_25-44_Interest_Banking,Nu_Ecom_Conversion_Reel_AppDownload_CTA,Active,"7-day click, 1-day view",Account Opening,2586.48,559982,230,26,369588,1.52
2026-01-26,2026-01-26,Nubank | Conversions | Account Opening | Q1,E-commerce,BR_25-44_Interest_Banking,Nu_Ecom_Conversion_Reel_AppDownload_CTA,Active,"7-day click, 1-day view",Account Opening,3049.86,319603,497,22,271663,1.18
2026-01-29,2026-01-29,Nubank | Conversions | Account Opening | Q1,E-commerce,BR_25-44_Interest_Banking,Nu_Ecom_Conversion_Reel_AppDownload_CTA,Active,"7-day click, 1-day view",Account Opening,4134.24,105225,185,27,87337,1.20
2026-02-01,2026-02-01,Nubank | Conversions | Account Opening | Q1,E-commerce,BR_25-44_Interest_Banking,Nu_Ecom_Conversion_Reel_AppDownload_CTA,Active,"7-day click, 1-day view",Account Opening,4671.90,352275,464,29,271252,1.30
2026-01-14,2026-01-14,Nubank | Conversions | Account Opening | Q1,E-commerce,BR_25-44_Interest_Banking,Nu_Ecom_LeadGen_Video_30s_HowToOpen,Active,"7-day click, 1-day view",Account Opening,3940.65,293947,431,27,243976,1.20
2026-01-17,2026-01-17,Nubank | Conversions | Account Opening | Q1,E-commerce,BR_25-44_Interest_Banking,Nu_Ecom_LeadGen_Video_30s_HowToOpen,Active,"7-day click, 1-day view",Account Opening,2197.44,551909,223,21,386336,1.43
2026-01-20,2026-01-20,Nubank | Conversions | Account Opening | Q1,E-commerce,BR_25-44_Interest_Banking,Nu_Ecom_LeadGen_Video_30s_HowToOpen,Active,"7-day click, 1-day view",Account Opening,2412.30,113452,310,22,82820,1.37
2026-01-23,2026-01-23,Nubank | Conversions | Account Opening | Q1,E-commerce,BR_25-44_Interest_Banking,Nu_Ecom_LeadGen_Video_30s_HowToOpen,Completed,"7-day click, 1-day view",Account Opening,3485.28,573393,167,24,447247,1.28
2026-01-26,2026-01-26,Nubank | Conversions | Account Opening | Q1,E-commerce,BR_25-44_Interest_Banking,Nu_Ecom_LeadGen_Video_30s_HowToOpen,Active,"7-day click, 1-day view",Account Opening,1183.76,596240,444,8,482954,1.23
2026-01-29,2026-01-29,Nubank | Conversions | Account Opening | Q1,E-commerce,BR_25-44_Interest_Banking,Nu_Ecom_LeadGen_Video_30s_HowToOpen,Active,"7-day click, 1-day view",Account Opening,1109.57,214857,184,11,154697,1.39
2026-02-01,2026-02-01,Nubank | Conversions | Account Opening | Q1,E-commerce,BR_25-44_Interest_Banking,Nu_Ecom_LeadGen_Video_30s_HowToOpen,Active,"7-day click, 1-day view",Account Opening,2223.00,307843,130,19,249353,1.23
2026-01-15,2026-01-15,Nubank | Conversions | Account Opening | Q1,E-commerce,BR_18-24_Students,Nu_Ecom_Conversion_Carousel_Cashback_Offer,Active,"7-day click, 1-day view",Account Opening,3001.40,243725,475,20,163296,1.49
2026-01-18,2026-01-18,Nubank | Conversions | Account Opening | Q1,E-commerce,BR_18-24_Students,Nu_Ecom_Conversion_Carousel_Cashback_Offer,Active,"7-day click, 1-day view",Account Opening,2819.67,248450,490,21,178884,1.39
2026-01-21,2026-01-21,Nubank | Conversions | Account Opening | Q1,E-commerce,BR_18-24_Students,Nu_Ecom_Conversion_Carousel_Cashback_Offer,Active,"7-day click, 1-day view",Account Opening,2766.21,156275,454,19,110955,1.41
2026-01-24,2026-01-24,Nubank | Conversions | Account Opening | Q1,E-commerce,BR_18-24_Students,Nu_Ecom_Conversion_Carousel_Cashback_Offer,Active,"7-day click, 1-day view",Account Opening,1642.55,120135,461,13,98511,1.22
2026-01-27,2026-01-27,Nubank | Conversions | Account Opening | Q1,E-commerce,BR_18-24_Students,Nu_Ecom_Conversion_Carousel_Cashback_Offer,Active,"7-day click, 1-day view",Account Opening,2764.25,151536,287,25,128806,1.18
2026-01-30,2026-01-30,Nubank | Conversions | Account Opening | Q1,E-commerce,BR_18-24_Students,Nu_Ecom_Conversion_Carousel_Cashback_Offer,Active,"7-day click, 1-day view",Account Opening,2162.55,486865,430,15,379755,1.28
2026-02-02,2026-02-02,Nubank | Conversions | Account Opening | Q1,E-commerce,BR_18-24_Students,Nu_Ecom_Conversion_Carousel_Cashback_Offer,Active,"7-day click, 1-day view",Account Opening,1385.04,550367,134,12,374250,1.47
2026-02-05,2026-02-05,Nubank | Conversions | Account Opening | Q1,E-commerce,BR_18-24_Students,Nu_Ecom_Conversion_Carousel_Cashback_Offer,Active,"7-day click, 1-day view",Account Opening,1243.32,487871,92,13,346388,1.41
2026-01-15,2026-01-15,Nubank | Conversions | Account Opening | Q1,E-commerce,BR_18-24_Students,Nu_Ecom_Conversion_StaticBanner_FreeCreditCard,Active,"7-day click, 1-day view",Account Opening,2562.00,473198,441,21,345435,1.37
2026-01-18,2026-01-18,Nubank | Conversions | Account Opening | Q1,E-commerce,BR_18-24_Students,Nu_Ecom_Conversion_StaticBanner_FreeCreditCard,Active,"7-day click, 1-day view",Account Opening,2090.52,164619,111,18,144865,1.14
2026-01-21,2026-01-21,Nubank | Conversions | Account Opening | Q1,E-commerce,BR_18-24_Students,Nu_Ecom_Conversion_StaticBanner_FreeCreditCard,Active,"7-day click, 1-day view",Account Opening,3254.16,140546,226,21,113842,1.23
2026-01-24,2026-01-24,Nubank | Conversions | Account Opening | Q1,E-commerce,BR_18-24_Students,Nu_Ecom_Conversion_StaticBanner_FreeCreditCard,Active,"7-day click, 1-day view",Account Opening,4089.30,372589,329,30,327878,1.14
2026-01-27,2026-01-27,Nubank | Conversions | Account Opening | Q1,E-commerce,BR_18-24_Students,Nu_Ecom_Conversion_StaticBanner_FreeCreditCard,Active,"7-day click, 1-day view",Account Opening,3091.87,404120,292,19,270760,1.49
2026-01-30,2026-01-30,Nubank | Conversions | Account Opening | Q1,E-commerce,BR_18-24_Students,Nu_Ecom_Conversion_StaticBanner_FreeCreditCard,Active,"7-day click, 1-day view",Account Opening,3409.68,502819,139,24,331861,1.52
2026-02-02,2026-02-02,Nubank | Conversions | Account Opening | Q1,E-commerce,BR_18-24_Students,Nu_Ecom_Conversion_StaticBanner_FreeCreditCard,Active,"7-day click, 1-day view",Account Opening,3417.94,590282,100,29,407295,1.45
2026-02-05,2026-02-05,Nubank | Conversions | Account Opening | Q1,E-commerce,BR_18-24_Students,Nu_Ecom_Conversion_StaticBanner_FreeCreditCard,Active,"7-day click, 1-day view",Account Opening,3238.80,217794,107,30,165523,1.32
2026-01-15,2026-01-15,Nubank | Conversions | Account Opening | Q1,E-commerce,BR_18-24_Students,Nu_Ecom_LeadGen_Story_ReferAFriend,Active,"7-day click, 1-day view",Account Opening,2671.25,148134,492,25,128877,1.15
2026-01-18,2026-01-18,Nubank | Conversions | Account Opening | Q1,E-commerce,BR_18-24_Students,Nu_Ecom_LeadGen_Story_ReferAFriend,Active,"7-day click, 1-day view",Account Opening,933.52,454376,89,8,327151,1.39
2026-01-21,2026-01-21,Nubank | Conversions | Account Opening | Q1,E-commerce,BR_18-24_Students,Nu_Ecom_LeadGen_Story_ReferAFriend,Active,"7-day click, 1-day view",Account Opening,4061.93,240217,117,31,160945,1.49
2026-01-24,2026-01-24,Nubank | Conversions | Account Opening | Q1,E-commerce,BR_18-24_Students,Nu_Ecom_LeadGen_Story_ReferAFriend,Active,"7-day click, 1-day view",Account Opening,4585.77,359357,98,29,309047,1.16
2026-01-27,2026-01-27,Nubank | Conversions | Account Opening | Q1,E-commerce,BR_18-24_Students,Nu_Ecom_LeadGen_Story_ReferAFriend,Active,"7-day click, 1-day view",Account Opening,3545.91,124246,198,27,88215,1.41
2026-01-30,2026-01-30,Nubank | Conversions | Account Opening | Q1,E-commerce,BR_18-24_Students,Nu_Ecom_LeadGen_Story_ReferAFriend,Active,"7-day click, 1-day view",Account Opening,3309.39,567517,493,27,465364,1.22
2026-02-02,2026-02-02,Nubank | Conversions | Account Opening | Q1,E-commerce,BR_18-24_Students,Nu_Ecom_LeadGen_Story_ReferAFriend,Active,"7-day click, 1-day view",Account Opening,1109.02,399771,184,11,323815,1.23
2026-02-05,2026-02-05,Nubank | Conversions | Account Opening | Q1,E-commerce,BR_18-24_Students,Nu_Ecom_LeadGen_Story_ReferAFriend,Active,"7-day click, 1-day view",Account Opening,1931.10,462801,362,15,365613,1.27
2026-01-15,2026-01-15,Nubank | Conversions | Account Opening | Q1,E-commerce,BR_18-24_Students,Nu_Ecom_Conversion_Video_15s_PIX_Transfer,Active,"7-day click, 1-day view",Account Opening,5186.36,156110,491,34,115521,1.35
2026-01-18,2026-01-18,Nubank | Conversions | Account Opening | Q1,E-commerce,BR_18-24_Students,Nu_Ecom_Conversion_Video_15s_PIX_Transfer,Active,"7-day click, 1-day view",Account Opening,1257.36,430408,345,13,344326,1.25
2026-01-21,2026-01-21,Nubank | Conversions | Account Opening | Q1,E-commerce,BR_18-24_Students,Nu_Ecom_Conversion_Video_15s_PIX_Transfer,Active,"7-day click, 1-day view",Account Opening,2649.02,599436,386,22,479549,1.25
2026-01-24,2026-01-24,Nubank | Conversions | Account Opening | Q1,E-commerce,BR_18-24_Students,Nu_Ecom_Conversion_Video_15s_PIX_Transfer,Active,"7-day click, 1-day view",Account Opening,2268.82,264570,396,17,230176,1.15
2026-01-27,2026-01-27,Nubank | Conversions | Account Opening | Q1,E-commerce,BR_18-24_Students,Nu_Ecom_Conversion_Video_15s_PIX_Transfer,Active,"7-day click, 1-day view",Account Opening,1488.96,521319,298,11,396202,1.32
2026-01-30,2026-01-30,Nubank | Conversions | Account Opening | Q1,E-commerce,BR_18-24_Students,Nu_Ecom_Conversion_Video_15s_PIX_Transfer,Active,"7-day click, 1-day view",Account Opening,950.30,523944,235,10,366761,1.43
2026-02-02,2026-02-02,Nubank | Conversions | Account Opening | Q1,E-commerce,BR_18-24_Students,Nu_Ecom_Conversion_Video_15s_PIX_Transfer,Active,"7-day click, 1-day view",Account Opening,2007.00,101220,333,15,81988,1.23
2026-02-05,2026-02-05,Nubank | Conversions | Account Opening | Q1,E-commerce,BR_18-24_Students,Nu_Ecom_Conversion_Video_15s_PIX_Transfer,Active,"7-day click, 1-day view",Account Opening,3006.69,382014,370,31,305611,1.25
2026-01-13,2026-01-13,Nubank | Conversions | Account Opening | Q1,E-commerce,BR_35-54_HighIntent,Nu_Ecom_Conversion_Reel_InvestmentStart,Not Delivering,"7-day click, 1-day view",Account Opening,2020.45,486379,233,17,325874,1.49
2026-01-16,2026-01-16,Nubank | Conversions | Account Opening | Q1,E-commerce,BR_35-54_HighIntent,Nu_Ecom_Conversion_Reel_InvestmentStart,Completed,"7-day click, 1-day view",Account Opening,3546.24,142282,199,32,112403,1.27
2026-01-19,2026-01-19,Nubank | Conversions | Account Opening | Q1,E-commerce,BR_35-54_HighIntent,Nu_Ecom_Conversion_Reel_InvestmentStart,Active,"7-day click, 1-day view",Account Opening,4418.70,326034,362,30,267348,1.22
2026-01-22,2026-01-22,Nubank | Conversions | Account Opening | Q1,E-commerce,BR_35-54_HighIntent,Nu_Ecom_Conversion_Reel_InvestmentStart,Active,"7-day click, 1-day view",Account Opening,2535.75,250340,316,21,197769,1.27
2026-01-25,2026-01-25,Nubank | Conversions | Account Opening | Q1,E-commerce,BR_35-54_HighIntent,Nu_Ecom_Conversion_Reel_InvestmentStart,Active,"7-day click, 1-day view",Account Opening,1281.33,355991,280,9,302592,1.18
2026-01-28,2026-01-28,Nubank | Conversions | Account Opening | Q1,E-commerce,BR_35-54_HighIntent,Nu_Ecom_Conversion_Reel_InvestmentStart,Active,"7-day click, 1-day view",Account Opening,5440.05,473630,364,33,378904,1.25
2026-01-31,2026-01-31,Nubank | Conversions | Account Opening | Q1,E-commerce,BR_35-54_HighIntent,Nu_Ecom_Conversion_Reel_InvestmentStart,Active,"7-day click, 1-day view",Account Opening,3527.26,122640,218,22,88301,1.39
2026-02-03,2026-02-03,Nubank | Conversions | Account Opening | Q1,E-commerce,BR_35-54_HighIntent,Nu_Ecom_Conversion_Reel_InvestmentStart,Active,"7-day click, 1-day view",Account Opening,2805.36,133082,403,24,115781,1.15
2026-02-06,2026-02-06,Nubank | Conversions | Account Opening | Q1,E-commerce,BR_35-54_HighIntent,Nu_Ecom_Conversion_Reel_InvestmentStart,Active,"7-day click, 1-day view",Account Opening,3354.48,132620,308,24,103444,1.28
2026-01-13,2026-01-13,Nubank | Conversions | Account Opening | Q1,E-commerce,BR_35-54_HighIntent,Nu_Ecom_LeadGen_Carousel_StudentAccount,Completed,"7-day click, 1-day view",Account Opening,2608.02,516306,241,18,376903,1.37
2026-01-16,2026-01-16,Nubank | Conversions | Account Opening | Q1,E-commerce,BR_35-54_HighIntent,Nu_Ecom_LeadGen_Carousel_StudentAccount,Active,"7-day click, 1-day view",Account Opening,5005.11,348223,103,33,299472,1.16
2026-01-19,2026-01-19,Nubank | Conversions | Account Opening | Q1,E-commerce,BR_35-54_HighIntent,Nu_Ecom_LeadGen_Carousel_StudentAccount,Active,"7-day click, 1-day view",Account Opening,1891.12,520039,368,14,348426,1.49
2026-01-22,2026-01-22,Nubank | Conversions | Account Opening | Q1,E-commerce,BR_35-54_HighIntent,Nu_Ecom_LeadGen_Carousel_StudentAccount,Active,"7-day click, 1-day view",Account Opening,1439.64,109810,218,12,92240,1.19
2026-01-25,2026-01-25,Nubank | Conversions | Account Opening | Q1,E-commerce,BR_35-54_HighIntent,Nu_Ecom_LeadGen_Carousel_StudentAccount,Active,"7-day click, 1-day view",Account Opening,2491.86,501765,177,17,436536,1.15
2026-01-28,2026-01-28,Nubank | Conversions | Account Opening | Q1,E-commerce,BR_35-54_HighIntent,Nu_Ecom_LeadGen_Carousel_StudentAccount,Active,"7-day click, 1-day view",Account Opening,3438.83,273852,239,31,202650,1.35
2026-01-31,2026-01-31,Nubank | Conversions | Account Opening | Q1,E-commerce,BR_35-54_HighIntent,Nu_Ecom_LeadGen_Carousel_StudentAccount,Active,"7-day click, 1-day view",Account Opening,4929.66,236288,418,34,193756,1.22
2026-02-03,2026-02-03,Nubank | Conversions | Account Opening | Q1,E-commerce,BR_35-54_HighIntent,Nu_Ecom_LeadGen_Carousel_StudentAccount,Active,"7-day click, 1-day view",Account Opening,3262.00,108131,172,28,75692,1.43
2026-02-06,2026-02-06,Nubank | Conversions | Account Opening | Q1,E-commerce,BR_35-54_HighIntent,Nu_Ecom_LeadGen_Carousel_StudentAccount,Active,"7-day click, 1-day view",Account Opening,1403.01,493765,307,9,409825,1.20
2026-01-13,2026-01-13,Nubank | Conversions | Account Opening | Q1,E-commerce,BR_35-54_HighIntent,Nu_Ecom_Conversion_Story_LoanApproval,Active,"7-day click, 1-day view",Account Opening,2758.36,301114,288,22,234869,1.28
2026-01-16,2026-01-16,Nubank | Conversions | Account Opening | Q1,E-commerce,BR_35-54_HighIntent,Nu_Ecom_Conversion_Story_LoanApproval,Active,"7-day click, 1-day view",Account Opening,4409.80,412540,464,34,284653,1.45
2026-01-19,2026-01-19,Nubank | Conversions | Account Opening | Q1,E-commerce,BR_35-54_HighIntent,Nu_Ecom_Conversion_Story_LoanApproval,Active,"7-day click, 1-day view",Account Opening,3938.22,253756,90,34,195392,1.30
2026-01-22,2026-01-22,Nubank | Conversions | Account Opening | Q1,E-commerce,BR_35-54_HighIntent,Nu_Ecom_Conversion_Story_LoanApproval,Active,"7-day click, 1-day view",Account Opening,1480.05,297202,453,9,234790,1.27
2026-01-25,2026-01-25,Nubank | Conversions | Account Opening | Q1,E-commerce,BR_35-54_HighIntent,Nu_Ecom_Conversion_Story_LoanApproval,Active,"7-day click, 1-day view",Account Opening,3390.42,534311,131,33,368675,1.45
2026-01-28,2026-01-28,Nubank | Conversions | Account Opening | Q1,E-commerce,BR_35-54_HighIntent,Nu_Ecom_Conversion_Story_LoanApproval,Not Delivering,"7-day click, 1-day view",Account Opening,4028.66,175418,83,34,136826,1.28
2026-01-31,2026-01-31,Nubank | Conversions | Account Opening | Q1,E-commerce,BR_35-54_HighIntent,Nu_Ecom_Conversion_Story_LoanApproval,Active,"7-day click, 1-day view",Account Opening,5364.48,208658,412,33,175273,1.19
2026-02-03,2026-02-03,Nubank | Conversions | Account Opening | Q1,E-commerce,BR_35-54_HighIntent,Nu_Ecom_Conversion_Story_LoanApproval,Active,"7-day click, 1-day view",Account Opening,2441.31,487120,123,19,389696,1.25
2026-02-06,2026-02-06,Nubank | Conversions | Account Opening | Q1,E-commerce,BR_35-54_HighIntent,Nu_Ecom_Conversion_Story_LoanApproval,Active,"7-day click, 1-day view",Account Opening,2431.95,584933,447,15,485494,1.20
2026-01-13,2026-01-13,Nubank | Conversions | Account Opening | Q1,E-commerce,BR_35-54_HighIntent,Nu_Ecom_Conversion_StaticBanner_NuConta_v2,Active,"7-day click, 1-day view",Account Opening,936.27,554048,149,9,470941,1.18
2026-01-16,2026-01-16,Nubank | Conversions | Account Opening | Q1,E-commerce,BR_35-54_HighIntent,Nu_Ecom_Conversion_StaticBanner_NuConta_v2,Active,"7-day click, 1-day view",Account Opening,4151.07,534048,155,33,363153,1.47
2026-01-19,2026-01-19,Nubank | Conversions | Account Opening | Q1,E-commerce,BR_35-54_HighIntent,Nu_Ecom_Conversion_StaticBanner_NuConta_v2,Active,"7-day click, 1-day view",Account Opening,3327.50,596520,215,22,387738,1.54
2026-01-22,2026-01-22,Nubank | Conversions | Account Opening | Q1,E-commerce,BR_35-54_HighIntent,Nu_Ecom_Conversion_StaticBanner_NuConta_v2,Active,"7-day click, 1-day view",Account Opening,2579.68,361106,371,23,296107,1.22
2026-01-25,2026-01-25,Nubank | Conversions | Account Opening | Q1,E-commerce,BR_35-54_HighIntent,Nu_Ecom_Conversion_StaticBanner_NuConta_v2,Active,"7-day click, 1-day view",Account Opening,3966.57,250463,461,27,205380,1.22
2026-01-28,2026-01-28,Nubank | Conversions | Account Opening | Q1,E-commerce,BR_35-54_HighIntent,Nu_Ecom_Conversion_StaticBanner_NuConta_v2,Active,"7-day click, 1-day view",Account Opening,3201.99,255117,81,31,178582,1.43
2026-01-31,2026-01-31,Nubank | Conversions | Account Opening | Q1,E-commerce,BR_35-54_HighIntent,Nu_Ecom_Conversion_StaticBanner_NuConta_v2,Active,"7-day click, 1-day view",Account Opening,3368.31,322997,377,33,268088,1.20
2026-02-03,2026-02-03,Nubank | Conversions | Account Opening | Q1,E-commerce,BR_35-54_HighIntent,Nu_Ecom_Conversion_StaticBanner_NuConta_v2,Active,"7-day click, 1-day view",Account Opening,1315.10,553245,324,10,387272,1.43
2026-02-06,2026-02-06,Nubank | Conversions | Account Opening | Q1,E-commerce,BR_35-54_HighIntent,Nu_Ecom_Conversion_StaticBanner_NuConta_v2,Active,"7-day click, 1-day view",Account Opening,2425.80,150053,422,15,114040,1.32
2026-01-13,2026-01-13,Nubank | Conversions | Credit Card | Q1,E-commerce,BR_25-44_CreditSeek,Nu_Ecom_LeadGen_Video_6s_QuickSignUp,Active,"7-day click, 1-day view",Account Opening,3549.12,447713,223,24,358170,1.25
2026-01-16,2026-01-16,Nubank | Conversions | Credit Card | Q1,E-commerce,BR_25-44_CreditSeek,Nu_Ecom_LeadGen_Video_6s_QuickSignUp,Active,"7-day click, 1-day view",Account Opening,4790.74,192814,143,31,160036,1.20
2026-01-19,2026-01-19,Nubank | Conversions | Credit Card | Q1,E-commerce,BR_25-44_CreditSeek,Nu_Ecom_LeadGen_Video_6s_QuickSignUp,Active,"7-day click, 1-day view",Account Opening,1908.36,520658,320,18,343634,1.52
2026-01-22,2026-01-22,Nubank | Conversions | Credit Card | Q1,E-commerce,BR_25-44_CreditSeek,Nu_Ecom_LeadGen_Video_6s_QuickSignUp,Active,"7-day click, 1-day view",Account Opening,3130.80,151118,135,30,113339,1.33
2026-01-25,2026-01-25,Nubank | Conversions | Credit Card | Q1,E-commerce,BR_25-44_CreditSeek,Nu_Ecom_LeadGen_Video_6s_QuickSignUp,Active,"7-day click, 1-day view",Account Opening,3388.94,207153,275,29,157436,1.32
2026-01-28,2026-01-28,Nubank | Conversions | Credit Card | Q1,E-commerce,BR_25-44_CreditSeek,Nu_Ecom_LeadGen_Video_6s_QuickSignUp,Active,"7-day click, 1-day view",Account Opening,2412.00,442103,307,24,313893,1.41
2026-01-31,2026-01-31,Nubank | Conversions | Credit Card | Q1,E-commerce,BR_25-44_CreditSeek,Nu_Ecom_LeadGen_Video_6s_QuickSignUp,Active,"7-day click, 1-day view",Account Opening,2709.60,237351,427,24,204122,1.16
2026-01-13,2026-01-13,Nubank | Conversions | Credit Card | Q1,E-commerce,BR_25-44_CreditSeek,Nu_Ecom_Conversion_Carousel_TravelBenefits,Active,"7-day click, 1-day view",Account Opening,2370.90,538267,417,15,452144,1.19
2026-01-16,2026-01-16,Nubank | Conversions | Credit Card | Q1,E-commerce,BR_25-44_CreditSeek,Nu_Ecom_Conversion_Carousel_TravelBenefits,Active,"7-day click, 1-day view",Account Opening,2943.82,503324,396,22,327161,1.54
2026-01-19,2026-01-19,Nubank | Conversions | Credit Card | Q1,E-commerce,BR_25-44_CreditSeek,Nu_Ecom_Conversion_Carousel_TravelBenefits,Not Delivering,"7-day click, 1-day view",Account Opening,3351.38,486918,156,34,374927,1.30
2026-01-22,2026-01-22,Nubank | Conversions | Credit Card | Q1,E-commerce,BR_25-44_CreditSeek,Nu_Ecom_Conversion_Carousel_TravelBenefits,Active,"7-day click, 1-day view",Account Opening,2450.36,192485,436,22,148213,1.30
2026-01-25,2026-01-25,Nubank | Conversions | Credit Card | Q1,E-commerce,BR_25-44_CreditSeek,Nu_Ecom_Conversion_Carousel_TravelBenefits,Active,"7-day click, 1-day view",Account Opening,2867.48,531933,218,19,388311,1.37
2026-01-28,2026-01-28,Nubank | Conversions | Credit Card | Q1,E-commerce,BR_25-44_CreditSeek,Nu_Ecom_Conversion_Carousel_TravelBenefits,Active,"7-day click, 1-day view",Account Opening,1822.95,329514,179,15,214184,1.54
2026-01-31,2026-01-31,Nubank | Conversions | Credit Card | Q1,E-commerce,BR_25-44_CreditSeek,Nu_Ecom_Conversion_Carousel_TravelBenefits,Active,"7-day click, 1-day view",Account Opening,2946.75,420330,175,25,327857,1.28
2026-01-13,2026-01-13,Nubank | Conversions | Credit Card | Q1,E-commerce,BR_25-44_CreditSeek,Nu_Ecom_Conversion_Reel_Ultravioleta_Card,Active,"7-day click, 1-day view",Account Opening,4439.49,161778,462,33,113245,1.43
2026-01-16,2026-01-16,Nubank | Conversions | Credit Card | Q1,E-commerce,BR_25-44_CreditSeek,Nu_Ecom_Conversion_Reel_Ultravioleta_Card,Active,"7-day click, 1-day view",Account Opening,2329.21,482425,83,23,405237,1.19
2026-01-19,2026-01-19,Nubank | Conversions | Credit Card | Q1,E-commerce,BR_25-44_CreditSeek,Nu_Ecom_Conversion_Reel_Ultravioleta_Card,Active,"7-day click, 1-day view",Account Opening,2553.12,296302,246,16,251857,1.18
2026-01-22,2026-01-22,Nubank | Conversions | Credit Card | Q1,E-commerce,BR_25-44_CreditSeek,Nu_Ecom_Conversion_Reel_Ultravioleta_Card,Active,"7-day click, 1-day view",Account Opening,3011.34,583043,316,31,408130,1.43
2026-01-25,2026-01-25,Nubank | Conversions | Credit Card | Q1,E-commerce,BR_25-44_CreditSeek,Nu_Ecom_Conversion_Reel_Ultravioleta_Card,Active,"7-day click, 1-day view",Account Opening,3212.60,359704,258,20,316540,1.14
2026-01-28,2026-01-28,Nubank | Conversions | Credit Card | Q1,E-commerce,BR_25-44_CreditSeek,Nu_Ecom_Conversion_Reel_Ultravioleta_Card,Active,"7-day click, 1-day view",Account Opening,2489.76,520656,98,21,343633,1.52
2026-01-31,2026-01-31,Nubank | Conversions | Credit Card | Q1,E-commerce,BR_25-44_CreditSeek,Nu_Ecom_Conversion_Reel_Ultravioleta_Card,Active,"7-day click, 1-day view",Account Opening,3347.76,192590,408,26,132887,1.45
2026-01-13,2026-01-13,Nubank | Conversions | Credit Card | Q1,E-commerce,BR_18-34_LAL_CardHolders,Nu_Ecom_LeadGen_StaticBanner_ZeroAnnuity,Not Delivering,"7-day click, 1-day view",Account Opening,3330.56,288576,207,32,225089,1.28
2026-01-16,2026-01-16,Nubank | Conversions | Credit Card | Q1,E-commerce,BR_18-34_LAL_CardHolders,Nu_Ecom_LeadGen_StaticBanner_ZeroAnnuity,Active,"7-day click, 1-day view",Account Opening,4683.90,345634,332,30,279964,1.23
2026-01-19,2026-01-19,Nubank | Conversions | Credit Card | Q1,E-commerce,BR_18-34_LAL_CardHolders,Nu_Ecom_LeadGen_StaticBanner_ZeroAnnuity,Active,"7-day click, 1-day view",Account Opening,4872.32,312781,271,32,218947,1.43
2026-01-22,2026-01-22,Nubank | Conversions | Credit Card | Q1,E-commerce,BR_18-34_LAL_CardHolders,Nu_Ecom_LeadGen_StaticBanner_ZeroAnnuity,Active,"7-day click, 1-day view",Account Opening,4204.72,448204,197,26,340635,1.32
2026-01-25,2026-01-25,Nubank | Conversions | Credit Card | Q1,E-commerce,BR_18-34_LAL_CardHolders,Nu_Ecom_LeadGen_StaticBanner_ZeroAnnuity,Active,"7-day click, 1-day view",Account Opening,2091.33,594047,371,19,392071,1.52
2026-01-28,2026-01-28,Nubank | Conversions | Credit Card | Q1,E-commerce,BR_18-34_LAL_CardHolders,Nu_Ecom_LeadGen_StaticBanner_ZeroAnnuity,Active,"7-day click, 1-day view",Account Opening,2496.40,492101,167,20,428128,1.15
2026-01-31,2026-01-31,Nubank | Conversions | Credit Card | Q1,E-commerce,BR_18-34_LAL_CardHolders,Nu_Ecom_LeadGen_StaticBanner_ZeroAnnuity,Active,"7-day click, 1-day view",Account Opening,2999.92,435788,226,28,374778,1.16
2026-02-03,2026-02-03,Nubank | Conversions | Credit Card | Q1,E-commerce,BR_18-34_LAL_CardHolders,Nu_Ecom_LeadGen_StaticBanner_ZeroAnnuity,Active,"7-day click, 1-day view",Account Opening,1471.50,384356,215,9,276736,1.39
2026-02-06,2026-02-06,Nubank | Conversions | Credit Card | Q1,E-commerce,BR_18-34_LAL_CardHolders,Nu_Ecom_LeadGen_StaticBanner_ZeroAnnuity,Active,"7-day click, 1-day view",Account Opening,2570.19,305731,464,21,210954,1.45
2026-02-09,2026-02-09,Nubank | Conversions | Credit Card | Q1,E-commerce,BR_18-34_LAL_CardHolders,Nu_Ecom_LeadGen_StaticBanner_ZeroAnnuity,Active,"7-day click, 1-day view",Account Opening,2910.60,535987,438,18,396630,1.35
2026-01-13,2026-01-13,Nubank | Conversions | Credit Card | Q1,E-commerce,BR_18-34_LAL_CardHolders,Nu_Ecom_Conversion_Story_InsuranceProduct,Active,"7-day click, 1-day view",Account Opening,2572.55,216935,433,23,184395,1.18
2026-01-16,2026-01-16,Nubank | Conversions | Credit Card | Q1,E-commerce,BR_18-34_LAL_CardHolders,Nu_Ecom_Conversion_Story_InsuranceProduct,Active,"7-day click, 1-day view",Account Opening,5239.04,399195,301,32,275445,1.45
2026-01-19,2026-01-19,Nubank | Conversions | Credit Card | Q1,E-commerce,BR_18-34_LAL_CardHolders,Nu_Ecom_Conversion_Story_InsuranceProduct,Active,"7-day click, 1-day view",Account Opening,3392.88,321267,274,24,228100,1.41
2026-01-22,2026-01-22,Nubank | Conversions | Credit Card | Q1,E-commerce,BR_18-34_LAL_CardHolders,Nu_Ecom_Conversion_Story_InsuranceProduct,Active,"7-day click, 1-day view",Account Opening,1595.00,256477,331,11,182099,1.41
2026-01-25,2026-01-25,Nubank | Conversions | Credit Card | Q1,E-commerce,BR_18-34_LAL_CardHolders,Nu_Ecom_Conversion_Story_InsuranceProduct,Active,"7-day click, 1-day view",Account Opening,3080.85,184410,338,19,147528,1.25
2026-01-28,2026-01-28,Nubank | Conversions | Credit Card | Q1,E-commerce,BR_18-34_LAL_CardHolders,Nu_Ecom_Conversion_Story_InsuranceProduct,Active,"7-day click, 1-day view",Account Opening,4382.26,253007,363,34,209996,1.20
2026-01-31,2026-01-31,Nubank | Conversions | Credit Card | Q1,E-commerce,BR_18-34_LAL_CardHolders,Nu_Ecom_Conversion_Story_InsuranceProduct,Active,"7-day click, 1-day view",Account Opening,5194.00,158459,282,35,129936,1.22
2026-02-03,2026-02-03,Nubank | Conversions | Credit Card | Q1,E-commerce,BR_18-34_LAL_CardHolders,Nu_Ecom_Conversion_Story_InsuranceProduct,Active,"7-day click, 1-day view",Account Opening,3243.20,548778,123,32,444510,1.23
2026-02-06,2026-02-06,Nubank | Conversions | Credit Card | Q1,E-commerce,BR_18-34_LAL_CardHolders,Nu_Ecom_Conversion_Story_InsuranceProduct,Active,"7-day click, 1-day view",Account Opening,1463.64,463756,144,12,310717,1.49
2026-02-09,2026-02-09,Nubank | Conversions | Credit Card | Q1,E-commerce,BR_18-34_LAL_CardHolders,Nu_Ecom_Conversion_Story_InsuranceProduct,Active,"7-day click, 1-day view",Account Opening,3017.39,466579,144,19,340603,1.37
2026-01-13,2026-01-13,Nubank | Conversions | Credit Card | Q1,E-commerce,BR_18-34_LAL_CardHolders,Nu_Ecom_Conversion_Video_15s_PersonalLoan,Active,"7-day click, 1-day view",Account Opening,2281.84,115452,158,22,80816,1.43
2026-01-16,2026-01-16,Nubank | Conversions | Credit Card | Q1,E-commerce,BR_18-34_LAL_CardHolders,Nu_Ecom_Conversion_Video_15s_PersonalLoan,Active,"7-day click, 1-day view",Account Opening,2483.87,100034,362,19,80027,1.25
2026-01-19,2026-01-19,Nubank | Conversions | Credit Card | Q1,E-commerce,BR_18-34_LAL_CardHolders,Nu_Ecom_Conversion_Video_15s_PersonalLoan,Active,"7-day click, 1-day view",Account Opening,3021.40,468060,119,20,374448,1.25
2026-01-22,2026-01-22,Nubank | Conversions | Credit Card | Q1,E-commerce,BR_18-34_LAL_CardHolders,Nu_Ecom_Conversion_Video_15s_PersonalLoan,Active,"7-day click, 1-day view",Account Opening,3918.24,399507,285,24,279655,1.43
2026-01-25,2026-01-25,Nubank | Conversions | Credit Card | Q1,E-commerce,BR_18-34_LAL_CardHolders,Nu_Ecom_Conversion_Video_15s_PersonalLoan,Active,"7-day click, 1-day view",Account Opening,3433.02,546929,360,29,464890,1.18
2026-01-28,2026-01-28,Nubank | Conversions | Credit Card | Q1,E-commerce,BR_18-34_LAL_CardHolders,Nu_Ecom_Conversion_Video_15s_PersonalLoan,Active,"7-day click, 1-day view",Account Opening,2299.20,595176,278,20,511851,1.16
2026-01-31,2026-01-31,Nubank | Conversions | Credit Card | Q1,E-commerce,BR_18-34_LAL_CardHolders,Nu_Ecom_Conversion_Video_15s_PersonalLoan,Active,"7-day click, 1-day view",Account Opening,2190.20,235200,101,20,176400,1.33
2026-02-03,2026-02-03,Nubank | Conversions | Credit Card | Q1,E-commerce,BR_18-34_LAL_CardHolders,Nu_Ecom_Conversion_Video_15s_PersonalLoan,Active,"7-day click, 1-day view",Account Opening,2427.65,381027,493,23,297201,1.28
2026-02-06,2026-02-06,Nubank | Conversions | Credit Card | Q1,E-commerce,BR_18-34_LAL_CardHolders,Nu_Ecom_Conversion_Video_15s_PersonalLoan,Active,"7-day click, 1-day view",Account Opening,1168.80,499912,203,10,344939,1.45
2026-02-09,2026-02-09,Nubank | Conversions | Credit Card | Q1,E-commerce,BR_18-34_LAL_CardHolders,Nu_Ecom_Conversion_Video_15s_PersonalLoan,Active,"7-day click, 1-day view",Account Opening,2876.80,123598,385,29,102586,1.20
2026-01-13,2026-01-13,Nubank | Conversions | Credit Card | Q1,E-commerce,BR_18-34_LAL_CardHolders,Nu_Ecom_LeadGen_Carousel_BusinessAccount,Active,"7-day click, 1-day view",Account Opening,1307.04,429665,249,12,352325,1.22
2026-01-16,2026-01-16,Nubank | Conversions | Credit Card | Q1,E-commerce,BR_18-34_LAL_CardHolders,Nu_Ecom_LeadGen_Carousel_BusinessAccount,Active,"7-day click, 1-day view",Account Opening,2345.10,506953,480,15,435980,1.16
2026-01-19,2026-01-19,Nubank | Conversions | Credit Card | Q1,E-commerce,BR_18-34_LAL_CardHolders,Nu_Ecom_LeadGen_Carousel_BusinessAccount,Active,"7-day click, 1-day view",Account Opening,1180.72,392681,468,8,294511,1.33
2026-01-22,2026-01-22,Nubank | Conversions | Credit Card | Q1,E-commerce,BR_18-34_LAL_CardHolders,Nu_Ecom_LeadGen_Carousel_BusinessAccount,Not Delivering,"7-day click, 1-day view",Account Opening,2186.08,243679,169,16,165702,1.47
2026-01-25,2026-01-25,Nubank | Conversions | Credit Card | Q1,E-commerce,BR_18-34_LAL_CardHolders,Nu_Ecom_LeadGen_Carousel_BusinessAccount,Completed,"7-day click, 1-day view",Account Opening,2593.71,215418,365,23,174489,1.23
2026-01-28,2026-01-28,Nubank | Conversions | Credit Card | Q1,E-commerce,BR_18-34_LAL_CardHolders,Nu_Ecom_LeadGen_Carousel_BusinessAccount,Active,"7-day click, 1-day view",Account Opening,1566.04,243972,469,14,202497,1.20
2026-01-31,2026-01-31,Nubank | Conversions | Credit Card | Q1,E-commerce,BR_18-34_LAL_CardHolders,Nu_Ecom_LeadGen_Carousel_BusinessAccount,Completed,"7-day click, 1-day view",Account Opening,1388.94,217688,213,14,169797,1.28
2026-02-03,2026-02-03,Nubank | Conversions | Credit Card | Q1,E-commerce,BR_18-34_LAL_CardHolders,Nu_Ecom_LeadGen_Carousel_BusinessAccount,Active,"7-day click, 1-day view",Account Opening,3890.10,585038,200,30,503133,1.16
2026-02-06,2026-02-06,Nubank | Conversions | Credit Card | Q1,E-commerce,BR_18-34_LAL_CardHolders,Nu_Ecom_LeadGen_Carousel_BusinessAccount,Active,"7-day click, 1-day view",Account Opening,2808.00,524094,408,27,398311,1.32
2026-02-09,2026-02-09,Nubank | Conversions | Credit Card | Q1,E-commerce,BR_18-34_LAL_CardHolders,Nu_Ecom_LeadGen_Carousel_BusinessAccount,Active,"7-day click, 1-day view",Account Opening,1331.07,563612,281,13,479070,1.18
2026-01-12,2026-01-12,Nubank | Conversions | Credit Card | Q1,E-commerce,BR_35-54_PremiumSegment,Nu_Ecom_Conversion_Reel_ShoppingCashback,Active,"7-day click, 1-day view",Account Opening,2198.70,224553,457,21,190870,1.18
2026-01-15,2026-01-15,Nubank | Conversions | Credit Card | Q1,E-commerce,BR_35-54_PremiumSegment,Nu_Ecom_Conversion_Reel_ShoppingCashback,Active,"7-day click, 1-day view",Account Opening,4218.48,471601,263,31,315973,1.49
2026-01-18,2026-01-18,Nubank | Conversions | Credit Card | Q1,E-commerce,BR_35-54_PremiumSegment,Nu_Ecom_Conversion_Reel_ShoppingCashback,Active,"7-day click, 1-day view",Account Opening,2119.60,109073,202,14,73079,1.49
2026-01-21,2026-01-21,Nubank | Conversions | Credit Card | Q1,E-commerce,BR_35-54_PremiumSegment,Nu_Ecom_Conversion_Reel_ShoppingCashback,Active,"7-day click, 1-day view",Account Opening,1952.34,151826,400,13,110833,1.37
2026-01-24,2026-01-24,Nubank | Conversions | Credit Card | Q1,E-commerce,BR_35-54_PremiumSegment,Nu_Ecom_Conversion_Reel_ShoppingCashback,Active,"7-day click, 1-day view",Account Opening,4298.88,164476,199,32,131581,1.25
2026-01-27,2026-01-27,Nubank | Conversions | Credit Card | Q1,E-commerce,BR_35-54_PremiumSegment,Nu_Ecom_Conversion_Reel_ShoppingCashback,Active,"7-day click, 1-day view",Account Opening,3931.11,471774,254,31,325524,1.45
2026-01-30,2026-01-30,Nubank | Conversions | Credit Card | Q1,E-commerce,BR_35-54_PremiumSegment,Nu_Ecom_Conversion_Reel_ShoppingCashback,Active,"7-day click, 1-day view",Account Opening,4188.03,135180,269,33,89219,1.52
2026-02-02,2026-02-02,Nubank | Conversions | Credit Card | Q1,E-commerce,BR_35-54_PremiumSegment,Nu_Ecom_Conversion_Reel_ShoppingCashback,Active,"7-day click, 1-day view",Account Opening,1830.65,416288,170,19,316379,1.32
2026-01-12,2026-01-12,Nubank | Conversions | Credit Card | Q1,E-commerce,BR_35-54_PremiumSegment,Nu_Ecom_Conversion_StaticBanner_CryptoFeature,Completed,"7-day click, 1-day view",Account Opening,2087.85,306581,298,15,266725,1.15
2026-01-15,2026-01-15,Nubank | Conversions | Credit Card | Q1,E-commerce,BR_35-54_PremiumSegment,Nu_Ecom_Conversion_StaticBanner_CryptoFeature,Active,"7-day click, 1-day view",Account Opening,1727.28,177209,457,18,134679,1.32
2026-01-18,2026-01-18,Nubank | Conversions | Credit Card | Q1,E-commerce,BR_35-54_PremiumSegment,Nu_Ecom_Conversion_StaticBanner_CryptoFeature,Active,"7-day click, 1-day view",Account Opening,3344.90,249062,485,26,199250,1.25
2026-01-21,2026-01-21,Nubank | Conversions | Credit Card | Q1,E-commerce,BR_35-54_PremiumSegment,Nu_Ecom_Conversion_StaticBanner_CryptoFeature,Active,"7-day click, 1-day view",Account Opening,2699.28,345275,436,23,241692,1.43
2026-01-24,2026-01-24,Nubank | Conversions | Credit Card | Q1,E-commerce,BR_35-54_PremiumSegment,Nu_Ecom_Conversion_StaticBanner_CryptoFeature,Active,"7-day click, 1-day view",Account Opening,3757.25,588065,377,35,488094,1.20
2026-01-27,2026-01-27,Nubank | Conversions | Credit Card | Q1,E-commerce,BR_35-54_PremiumSegment,Nu_Ecom_Conversion_StaticBanner_CryptoFeature,Active,"7-day click, 1-day view",Account Opening,4957.44,556191,167,32,467200,1.19
2026-01-30,2026-01-30,Nubank | Conversions | Credit Card | Q1,E-commerce,BR_35-54_PremiumSegment,Nu_Ecom_Conversion_StaticBanner_CryptoFeature,Active,"7-day click, 1-day view",Account Opening,3280.64,195216,295,32,167886,1.16
2026-02-02,2026-02-02,Nubank | Conversions | Credit Card | Q1,E-commerce,BR_35-54_PremiumSegment,Nu_Ecom_Conversion_StaticBanner_CryptoFeature,Active,"7-day click, 1-day view",Account Opening,3863.50,374036,288,25,299229,1.25
2026-01-12,2026-01-12,Nubank | Conversions | Credit Card | Q1,E-commerce,BR_35-54_PremiumSegment,Nu_Ecom_LeadGen_Story_DigitalAccount_v3,Active,"7-day click, 1-day view",Account Opening,4092.62,343279,174,31,229997,1.49
2026-01-15,2026-01-15,Nubank | Conversions | Credit Card | Q1,E-commerce,BR_35-54_PremiumSegment,Nu_Ecom_LeadGen_Story_DigitalAccount_v3,Active,"7-day click, 1-day view",Account Opening,2637.96,493853,243,26,360513,1.37
2026-01-18,2026-01-18,Nubank | Conversions | Credit Card | Q1,E-commerce,BR_35-54_PremiumSegment,Nu_Ecom_LeadGen_Story_DigitalAccount_v3,Active,"7-day click, 1-day view",Account Opening,3623.04,436156,442,34,287863,1.52
2026-01-21,2026-01-21,Nubank | Conversions | Credit Card | Q1,E-commerce,BR_35-54_PremiumSegment,Nu_Ecom_LeadGen_Story_DigitalAccount_v3,Active,"7-day click, 1-day view",Account Opening,4914.00,587956,361,30,482124,1.22
2026-01-24,2026-01-24,Nubank | Conversions | Credit Card | Q1,E-commerce,BR_35-54_PremiumSegment,Nu_Ecom_LeadGen_Story_DigitalAccount_v3,Active,"7-day click, 1-day view",Account Opening,2019.51,239333,336,19,174713,1.37
2026-01-27,2026-01-27,Nubank | Conversions | Credit Card | Q1,E-commerce,BR_35-54_PremiumSegment,Nu_Ecom_LeadGen_Story_DigitalAccount_v3,Active,"7-day click, 1-day view",Account Opening,2809.60,489101,260,20,386390,1.27
2026-01-30,2026-01-30,Nubank | Conversions | Credit Card | Q1,E-commerce,BR_35-54_PremiumSegment,Nu_Ecom_LeadGen_Story_DigitalAccount_v3,Active,"7-day click, 1-day view",Account Opening,1774.63,265603,271,17,223107,1.19
2026-02-02,2026-02-02,Nubank | Conversions | Credit Card | Q1,E-commerce,BR_35-54_PremiumSegment,Nu_Ecom_LeadGen_Story_DigitalAccount_v3,Completed,"7-day click, 1-day view",Account Opening,3147.54,126666,241,33,92466,1.37
2026-01-14,2026-01-14,Nubank | Lead Gen | App Install | Q1,E-commerce,BR_18-24_MobileFirst,Nu_Ecom_Conversion_Video_30s_LifeInsurance,Active,"7-day click, 1-day view",Account Opening,4464.90,374609,191,33,269718,1.39
2026-01-17,2026-01-17,Nubank | Lead Gen | App Install | Q1,E-commerce,BR_18-24_MobileFirst,Nu_Ecom_Conversion_Video_30s_LifeInsurance,Active,"7-day click, 1-day view",Account Opening,3083.75,513680,217,25,441765,1.16
2026-01-20,2026-01-20,Nubank | Lead Gen | App Install | Q1,E-commerce,BR_18-24_MobileFirst,Nu_Ecom_Conversion_Video_30s_LifeInsurance,Active,"7-day click, 1-day view",Account Opening,2787.68,381101,496,28,274393,1.39
2026-01-23,2026-01-23,Nubank | Lead Gen | App Install | Q1,E-commerce,BR_18-24_MobileFirst,Nu_Ecom_Conversion_Video_30s_LifeInsurance,Active,"7-day click, 1-day view",Account Opening,2452.03,588175,259,23,488185,1.20
2026-01-26,2026-01-26,Nubank | Lead Gen | App Install | Q1,E-commerce,BR_18-24_MobileFirst,Nu_Ecom_Conversion_Video_30s_LifeInsurance,Not Delivering,"7-day click, 1-day view",Account Opening,2225.74,369632,143,22,310491,1.19
2026-01-29,2026-01-29,Nubank | Lead Gen | App Install | Q1,E-commerce,BR_18-24_MobileFirst,Nu_Ecom_Conversion_Video_30s_LifeInsurance,Active,"7-day click, 1-day view",Account Opening,1379.14,393628,344,14,279476,1.41
2026-02-01,2026-02-01,Nubank | Lead Gen | App Install | Q1,E-commerce,BR_18-24_MobileFirst,Nu_Ecom_Conversion_Video_30s_LifeInsurance,Active,"7-day click, 1-day view",Account Opening,3104.32,421031,248,32,282091,1.49
2026-02-04,2026-02-04,Nubank | Lead Gen | App Install | Q1,E-commerce,BR_18-24_MobileFirst,Nu_Ecom_Conversion_Video_30s_LifeInsurance,Active,"7-day click, 1-day view",Account Opening,4488.32,139599,141,32,114471,1.22
2026-02-07,2026-02-07,Nubank | Lead Gen | App Install | Q1,E-commerce,BR_18-24_MobileFirst,Nu_Ecom_Conversion_Video_30s_LifeInsurance,Active,"7-day click, 1-day view",Account Opening,2016.30,383596,108,15,264681,1.45
2026-02-10,2026-02-10,Nubank | Lead Gen | App Install | Q1,E-commerce,BR_18-24_MobileFirst,Nu_Ecom_Conversion_Video_30s_LifeInsurance,Active,"7-day click, 1-day view",Account Opening,3501.44,354887,140,32,294556,1.20
2026-01-14,2026-01-14,Nubank | Lead Gen | App Install | Q1,E-commerce,BR_18-24_MobileFirst,Nu_Ecom_Conversion_Carousel_InternationalCard,Not Delivering,"7-day click, 1-day view",Account Opening,2687.16,368306,437,28,287279,1.28
2026-01-17,2026-01-17,Nubank | Lead Gen | App Install | Q1,E-commerce,BR_18-24_MobileFirst,Nu_Ecom_Conversion_Carousel_InternationalCard,Active,"7-day click, 1-day view",Account Opening,4755.45,110446,321,35,71790,1.54
2026-01-20,2026-01-20,Nubank | Lead Gen | App Install | Q1,E-commerce,BR_18-24_MobileFirst,Nu_Ecom_Conversion_Carousel_InternationalCard,Active,"7-day click, 1-day view",Account Opening,2789.02,101307,95,26,87124,1.16
2026-01-23,2026-01-23,Nubank | Lead Gen | App Install | Q1,E-commerce,BR_18-24_MobileFirst,Nu_Ecom_Conversion_Carousel_InternationalCard,Active,"7-day click, 1-day view",Account Opening,1269.95,537579,125,11,376305,1.43
2026-01-26,2026-01-26,Nubank | Lead Gen | App Install | Q1,E-commerce,BR_18-24_MobileFirst,Nu_Ecom_Conversion_Carousel_InternationalCard,Active,"7-day click, 1-day view",Account Opening,1895.84,276974,426,17,232658,1.19
2026-01-29,2026-01-29,Nubank | Lead Gen | App Install | Q1,E-commerce,BR_18-24_MobileFirst,Nu_Ecom_Conversion_Carousel_InternationalCard,Active,"7-day click, 1-day view",Account Opening,3459.91,265965,349,31,186176,1.43
2026-02-01,2026-02-01,Nubank | Lead Gen | App Install | Q1,E-commerce,BR_18-24_MobileFirst,Nu_Ecom_Conversion_Carousel_InternationalCard,Active,"7-day click, 1-day view",Account Opening,1620.71,379992,463,13,258395,1.47
2026-02-04,2026-02-04,Nubank | Lead Gen | App Install | Q1,E-commerce,BR_18-24_MobileFirst,Nu_Ecom_Conversion_Carousel_InternationalCard,Not Delivering,"7-day click, 1-day view",Account Opening,2655.00,119883,264,20,93509,1.28
2026-02-07,2026-02-07,Nubank | Lead Gen | App Install | Q1,E-commerce,BR_18-24_MobileFirst,Nu_Ecom_Conversion_Carousel_InternationalCard,Active,"7-day click, 1-day view",Account Opening,2082.33,489049,451,17,317882,1.54
2026-02-10,2026-02-10,Nubank | Lead Gen | App Install | Q1,E-commerce,BR_18-24_MobileFirst,Nu_Ecom_Conversion_Carousel_InternationalCard,Active,"7-day click, 1-day view",Account Opening,2137.98,235595,165,13,179052,1.32
2026-01-14,2026-01-14,Nubank | Lead Gen | App Install | Q1,E-commerce,BR_18-24_MobileFirst,Nu_Ecom_Conversion_Reel_SavingsChallenge,Active,"7-day click, 1-day view",Account Opening,1435.35,146176,243,15,122788,1.19
2026-01-17,2026-01-17,Nubank | Lead Gen | App Install | Q1,E-commerce,BR_18-24_MobileFirst,Nu_Ecom_Conversion_Reel_SavingsChallenge,Active,"7-day click, 1-day view",Account Opening,3749.12,252383,210,29,204430,1.23
2026-01-20,2026-01-20,Nubank | Lead Gen | App Install | Q1,E-commerce,BR_18-24_MobileFirst,Nu_Ecom_Conversion_Reel_SavingsChallenge,Active,"7-day click, 1-day view",Account Opening,3355.92,191881,471,24,141992,1.35
2026-01-23,2026-01-23,Nubank | Lead Gen | App Install | Q1,E-commerce,BR_18-24_MobileFirst,Nu_Ecom_Conversion_Reel_SavingsChallenge,Active,"7-day click, 1-day view",Account Opening,1886.82,280090,236,13,221271,1.27
2026-01-26,2026-01-26,Nubank | Lead Gen | App Install | Q1,E-commerce,BR_18-24_MobileFirst,Nu_Ecom_Conversion_Reel_SavingsChallenge,Active,"7-day click, 1-day view",Account Opening,2808.96,232367,280,28,153362,1.52
2026-01-29,2026-01-29,Nubank | Lead Gen | App Install | Q1,E-commerce,BR_18-24_MobileFirst,Nu_Ecom_Conversion_Reel_SavingsChallenge,Active,"7-day click, 1-day view",Account Opening,3473.28,242427,289,27,191517,1.27
2026-02-01,2026-02-01,Nubank | Lead Gen | App Install | Q1,E-commerce,BR_18-24_MobileFirst,Nu_Ecom_Conversion_Reel_SavingsChallenge,Active,"7-day click, 1-day view",Account Opening,3103.80,404211,426,20,295074,1.37
2026-02-04,2026-02-04,Nubank | Lead Gen | App Install | Q1,E-commerce,BR_18-24_MobileFirst,Nu_Ecom_Conversion_Reel_SavingsChallenge,Active,"7-day click, 1-day view",Account Opening,3707.83,518139,310,23,352335,1.47
2026-02-07,2026-02-07,Nubank | Lead Gen | App Install | Q1,E-commerce,BR_18-24_MobileFirst,Nu_Ecom_Conversion_Reel_SavingsChallenge,Active,"7-day click, 1-day view",Account Opening,1991.01,316806,418,19,243941,1.30
2026-02-10,2026-02-10,Nubank | Lead Gen | App Install | Q1,E-commerce,BR_18-24_MobileFirst,Nu_Ecom_Conversion_Reel_SavingsChallenge,Active,"7-day click, 1-day view",Account Opening,3328.82,306933,159,22,251685,1.22
2026-01-14,2026-01-14,Nubank | Lead Gen | App Install | Q1,E-commerce,BR_25-34_AppEngagers,Nu_Ecom_LeadGen_StaticBanner_Referral_Bonus,Active,"7-day click, 1-day view",Account Opening,1479.69,504305,263,9,408487,1.23
2026-01-17,2026-01-17,Nubank | Lead Gen | App Install | Q1,E-commerce,BR_25-34_AppEngagers,Nu_Ecom_LeadGen_StaticBanner_Referral_Bonus,Active,"7-day click, 1-day view",Account Opening,4606.35,566876,363,35,493182,1.15
2026-01-20,2026-01-20,Nubank | Lead Gen | App Install | Q1,E-commerce,BR_25-34_AppEngagers,Nu_Ecom_LeadGen_StaticBanner_Referral_Bonus,Active,"7-day click, 1-day view",Account Opening,2089.65,164010,481,15,142689,1.15
2026-01-23,2026-01-23,Nubank | Lead Gen | App Install | Q1,E-commerce,BR_25-34_AppEngagers,Nu_Ecom_LeadGen_StaticBanner_Referral_Bonus,Active,"7-day click, 1-day view",Account Opening,2937.30,522278,241,30,381263,1.37
2026-01-26,2026-01-26,Nubank | Lead Gen | App Install | Q1,E-commerce,BR_25-34_AppEngagers,Nu_Ecom_LeadGen_StaticBanner_Referral_Bonus,Active,"7-day click, 1-day view",Account Opening,3811.92,425293,308,24,340234,1.25
2026-01-29,2026-01-29,Nubank | Lead Gen | App Install | Q1,E-commerce,BR_25-34_AppEngagers,Nu_Ecom_LeadGen_StaticBanner_Referral_Bonus,Active,"7-day click, 1-day view",Account Opening,1606.30,404994,184,10,299696,1.35
2026-02-01,2026-02-01,Nubank | Lead Gen | App Install | Q1,E-commerce,BR_25-34_AppEngagers,Nu_Ecom_LeadGen_StaticBanner_Referral_Bonus,Active,"7-day click, 1-day view",Account Opening,2632.11,464610,104,17,325227,1.43
2026-02-04,2026-02-04,Nubank | Lead Gen | App Install | Q1,E-commerce,BR_25-34_AppEngagers,Nu_Ecom_LeadGen_StaticBanner_Referral_Bonus,Active,"7-day click, 1-day view",Account Opening,4253.76,119035,490,32,94038,1.27
2026-02-07,2026-02-07,Nubank | Lead Gen | App Install | Q1,E-commerce,BR_25-34_AppEngagers,Nu_Ecom_LeadGen_StaticBanner_Referral_Bonus,Active,"7-day click, 1-day view",Account Opening,3455.06,396117,345,23,293127,1.35
2026-01-14,2026-01-14,Nubank | Lead Gen | App Install | Q1,E-commerce,BR_25-34_AppEngagers,Nu_Ecom_Conversion_Story_VirtualCard,Active,"7-day click, 1-day view",Account Opening,3735.84,478631,160,24,378118,1.27
2026-01-17,2026-01-17,Nubank | Lead Gen | App Install | Q1,E-commerce,BR_25-34_AppEngagers,Nu_Ecom_Conversion_Story_VirtualCard,Active,"7-day click, 1-day view",Account Opening,989.46,203810,361,9,177315,1.15
2026-01-20,2026-01-20,Nubank | Lead Gen | App Install | Q1,E-commerce,BR_25-34_AppEngagers,Nu_Ecom_Conversion_Story_VirtualCard,Active,"7-day click, 1-day view",Account Opening,2648.36,593700,193,22,427464,1.39
2026-01-23,2026-01-23,Nubank | Lead Gen | App Install | Q1,E-commerce,BR_25-34_AppEngagers,Nu_Ecom_Conversion_Story_VirtualCard,Active,"7-day click, 1-day view",Account Opening,2741.28,304042,389,24,206749,1.47
2026-01-26,2026-01-26,Nubank | Lead Gen | App Install | Q1,E-commerce,BR_25-34_AppEngagers,Nu_Ecom_Conversion_Story_VirtualCard,Active,"7-day click, 1-day view",Account Opening,1934.20,445729,286,19,343211,1.30
2026-01-29,2026-01-29,Nubank | Lead Gen | App Install | Q1,E-commerce,BR_25-34_AppEngagers,Nu_Ecom_Conversion_Story_VirtualCard,Active,"7-day click, 1-day view",Account Opening,1542.96,243849,438,12,199956,1.22
2026-02-01,2026-02-01,Nubank | Lead Gen | App Install | Q1,E-commerce,BR_25-34_AppEngagers,Nu_Ecom_Conversion_Story_VirtualCard,Active,"7-day click, 1-day view",Account Opening,4053.70,412885,481,35,284891,1.45
2026-02-04,2026-02-04,Nubank | Lead Gen | App Install | Q1,E-commerce,BR_25-34_AppEngagers,Nu_Ecom_Conversion_Story_VirtualCard,Active,"7-day click, 1-day view",Account Opening,1778.03,272873,170,17,199197,1.37
2026-02-07,2026-02-07,Nubank | Lead Gen | App Install | Q1,E-commerce,BR_25-34_AppEngagers,Nu_Ecom_Conversion_Story_VirtualCard,Active,"7-day click, 1-day view",Account Opening,1364.44,244161,282,14,158705,1.54
2026-01-14,2026-01-14,Nubank | Lead Gen | App Install | Q1,E-commerce,BR_25-34_AppEngagers,Nu_Ecom_Conversion_Video_15s_AutoInvest,Active,"7-day click, 1-day view",Account Opening,4172.04,443704,356,27,292845,1.52
2026-01-17,2026-01-17,Nubank | Lead Gen | App Install | Q1,E-commerce,BR_25-34_AppEngagers,Nu_Ecom_Conversion_Video_15s_AutoInvest,Active,"7-day click, 1-day view",Account Opening,1931.20,527259,116,16,416535,1.27
2026-01-20,2026-01-20,Nubank | Lead Gen | App Install | Q1,E-commerce,BR_25-34_AppEngagers,Nu_Ecom_Conversion_Video_15s_AutoInvest,Active,"7-day click, 1-day view",Account Opening,2570.60,156260,443,20,135946,1.15
2026-01-23,2026-01-23,Nubank | Lead Gen | App Install | Q1,E-commerce,BR_25-34_AppEngagers,Nu_Ecom_Conversion_Video_15s_AutoInvest,Active,"7-day click, 1-day view",Account Opening,1345.90,266195,347,10,191660,1.39
2026-01-26,2026-01-26,Nubank | Lead Gen | App Install | Q1,E-commerce,BR_25-34_AppEngagers,Nu_Ecom_Conversion_Video_15s_AutoInvest,Active,"7-day click, 1-day view",Account Opening,3263.12,508614,440,28,366202,1.39
2026-01-29,2026-01-29,Nubank | Lead Gen | App Install | Q1,E-commerce,BR_25-34_AppEngagers,Nu_Ecom_Conversion_Video_15s_AutoInvest,Active,"7-day click, 1-day view",Account Opening,3881.36,363946,383,29,294796,1.23
2026-02-01,2026-02-01,Nubank | Lead Gen | App Install | Q1,E-commerce,BR_25-34_AppEngagers,Nu_Ecom_Conversion_Video_15s_AutoInvest,Active,"7-day click, 1-day view",Account Opening,4216.16,207854,95,26,135105,1.54
2026-02-04,2026-02-04,Nubank | Lead Gen | App Install | Q1,E-commerce,BR_25-34_AppEngagers,Nu_Ecom_Conversion_Video_15s_AutoInvest,Active,"7-day click, 1-day view",Account Opening,2839.75,209105,82,25,169375,1.23
2026-02-07,2026-02-07,Nubank | Lead Gen | App Install | Q1,E-commerce,BR_25-34_AppEngagers,Nu_Ecom_Conversion_Video_15s_AutoInvest,Active,"7-day click, 1-day view",Account Opening,2895.12,372873,493,18,305756,1.22
2026-01-13,2026-01-13,Nubank | Lead Gen | App Install | Q1,E-commerce,BR_18-44_CompetitorUsers,Nu_Ecom_LeadGen_Carousel_FinancialEducation,Completed,"7-day click, 1-day view",Account Opening,1623.44,456253,310,13,383253,1.19
2026-01-16,2026-01-16,Nubank | Lead Gen | App Install | Q1,E-commerce,BR_18-44_CompetitorUsers,Nu_Ecom_LeadGen_Carousel_FinancialEducation,Active,"7-day click, 1-day view",Account Opening,4546.64,169339,313,28,127004,1.33
2026-01-19,2026-01-19,Nubank | Lead Gen | App Install | Q1,E-commerce,BR_18-44_CompetitorUsers,Nu_Ecom_LeadGen_Carousel_FinancialEducation,Active,"7-day click, 1-day view",Account Opening,1345.12,123452,92,14,80244,1.54
2026-01-22,2026-01-22,Nubank | Lead Gen | App Install | Q1,E-commerce,BR_18-44_CompetitorUsers,Nu_Ecom_LeadGen_Carousel_FinancialEducation,Active,"7-day click, 1-day view",Account Opening,2286.48,331534,332,24,265227,1.25
2026-01-25,2026-01-25,Nubank | Lead Gen | App Install | Q1,E-commerce,BR_18-44_CompetitorUsers,Nu_Ecom_LeadGen_Carousel_FinancialEducation,Active,"7-day click, 1-day view",Account Opening,3351.04,315502,86,34,252402,1.25
2026-01-28,2026-01-28,Nubank | Lead Gen | App Install | Q1,E-commerce,BR_18-44_CompetitorUsers,Nu_Ecom_LeadGen_Carousel_FinancialEducation,Active,"7-day click, 1-day view",Account Opening,2665.26,351552,294,26,263664,1.33
2026-01-31,2026-01-31,Nubank | Lead Gen | App Install | Q1,E-commerce,BR_18-44_CompetitorUsers,Nu_Ecom_LeadGen_Carousel_FinancialEducation,Active,"7-day click, 1-day view",Account Opening,1488.52,368929,395,11,247182,1.49
2026-02-03,2026-02-03,Nubank | Lead Gen | App Install | Q1,E-commerce,BR_18-44_CompetitorUsers,Nu_Ecom_LeadGen_Carousel_FinancialEducation,Active,"7-day click, 1-day view",Account Opening,1043.30,456742,474,10,374528,1.22
2026-02-06,2026-02-06,Nubank | Lead Gen | App Install | Q1,E-commerce,BR_18-44_CompetitorUsers,Nu_Ecom_LeadGen_Carousel_FinancialEducation,Active,"7-day click, 1-day view",Account Opening,4155.32,109678,170,26,78968,1.39
2026-02-09,2026-02-09,Nubank | Lead Gen | App Install | Q1,E-commerce,BR_18-44_CompetitorUsers,Nu_Ecom_LeadGen_Carousel_FinancialEducation,Active,"7-day click, 1-day view",Account Opening,2861.75,260049,88,25,221042,1.18
2026-01-13,2026-01-13,Nubank | Lead Gen | App Install | Q1,E-commerce,BR_18-44_CompetitorUsers,Nu_Ecom_Conversion_Reel_DebitCard_NFC,Active,"7-day click, 1-day view",Account Opening,4233.13,156402,289,29,117302,1.33
2026-01-16,2026-01-16,Nubank | Lead Gen | App Install | Q1,E-commerce,BR_18-44_CompetitorUsers,Nu_Ecom_Conversion_Reel_DebitCard_NFC,Active,"7-day click, 1-day view",Account Opening,3322.83,304088,128,21,228066,1.33
2026-01-19,2026-01-19,Nubank | Lead Gen | App Install | Q1,E-commerce,BR_18-44_CompetitorUsers,Nu_Ecom_Conversion_Reel_DebitCard_NFC,Active,"7-day click, 1-day view",Account Opening,3217.83,417820,117,33,338434,1.23
2026-01-22,2026-01-22,Nubank | Lead Gen | App Install | Q1,E-commerce,BR_18-44_CompetitorUsers,Nu_Ecom_Conversion_Reel_DebitCard_NFC,Completed,"7-day click, 1-day view",Account Opening,2759.00,503776,255,20,443323,1.14
2026-01-25,2026-01-25,Nubank | Lead Gen | App Install | Q1,E-commerce,BR_18-44_CompetitorUsers,Nu_Ecom_Conversion_Reel_DebitCard_NFC,Not Delivering,"7-day click, 1-day view",Account Opening,2389.20,554331,240,22,449008,1.23
2026-01-28,2026-01-28,Nubank | Lead Gen | App Install | Q1,E-commerce,BR_18-44_CompetitorUsers,Nu_Ecom_Conversion_Reel_DebitCard_NFC,Active,"7-day click, 1-day view",Account Opening,3698.64,317345,472,33,215795,1.47
2026-01-31,2026-01-31,Nubank | Lead Gen | App Install | Q1,E-commerce,BR_18-44_CompetitorUsers,Nu_Ecom_Conversion_Reel_DebitCard_NFC,Active,"7-day click, 1-day view",Account Opening,2580.96,566537,109,19,396576,1.43
2026-02-03,2026-02-03,Nubank | Lead Gen | App Install | Q1,E-commerce,BR_18-44_CompetitorUsers,Nu_Ecom_Conversion_Reel_DebitCard_NFC,Active,"7-day click, 1-day view",Account Opening,2410.80,158964,360,24,131940,1.20
2026-02-06,2026-02-06,Nubank | Lead Gen | App Install | Q1,E-commerce,BR_18-44_CompetitorUsers,Nu_Ecom_Conversion_Reel_DebitCard_NFC,Active,"7-day click, 1-day view",Account Opening,4745.40,293005,304,33,205104,1.43
2026-02-09,2026-02-09,Nubank | Lead Gen | App Install | Q1,E-commerce,BR_18-44_CompetitorUsers,Nu_Ecom_Conversion_Reel_DebitCard_NFC,Active,"7-day click, 1-day view",Account Opening,2558.06,297205,346,23,231820,1.28
2026-01-13,2026-01-13,Nubank | Lead Gen | App Install | Q1,E-commerce,BR_18-44_CompetitorUsers,Nu_Ecom_Conversion_OpenAccount_Video_15s,Active,"7-day click, 1-day view",Account Opening,3649.41,355454,200,23,309245,1.15
2026-01-16,2026-01-16,Nubank | Lead Gen | App Install | Q1,E-commerce,BR_18-44_CompetitorUsers,Nu_Ecom_Conversion_OpenAccount_Video_15s,Active,"7-day click, 1-day view",Account Opening,1266.48,550824,104,12,451676,1.22
2026-01-19,2026-01-19,Nubank | Lead Gen | App Install | Q1,E-commerce,BR_18-44_CompetitorUsers,Nu_Ecom_Conversion_OpenAccount_Video_15s,Active,"7-day click, 1-day view",Account Opening,1589.28,206780,413,12,159221,1.30
2026-01-22,2026-01-22,Nubank | Lead Gen | App Install | Q1,E-commerce,BR_18-44_CompetitorUsers,Nu_Ecom_Conversion_OpenAccount_Video_15s,Active,"7-day click, 1-day view",Account Opening,2287.04,528664,493,14,396498,1.33
2026-01-25,2026-01-25,Nubank | Lead Gen | App Install | Q1,E-commerce,BR_18-44_CompetitorUsers,Nu_Ecom_Conversion_OpenAccount_Video_15s,Active,"7-day click, 1-day view",Account Opening,3353.08,547931,390,34,372593,1.47
2026-01-28,2026-01-28,Nubank | Lead Gen | App Install | Q1,E-commerce,BR_18-44_CompetitorUsers,Nu_Ecom_Conversion_OpenAccount_Video_15s,Active,"7-day click, 1-day view",Account Opening,2355.00,533202,379,20,378573,1.41
2026-01-31,2026-01-31,Nubank | Lead Gen | App Install | Q1,E-commerce,BR_18-44_CompetitorUsers,Nu_Ecom_Conversion_OpenAccount_Video_15s,Active,"7-day click, 1-day view",Account Opening,3676.59,241158,253,27,183280,1.32
2026-02-03,2026-02-03,Nubank | Lead Gen | App Install | Q1,E-commerce,BR_18-44_CompetitorUsers,Nu_Ecom_Conversion_OpenAccount_Video_15s,Active,"7-day click, 1-day view",Account Opening,1122.55,314119,91,11,229307,1.37
2026-02-06,2026-02-06,Nubank | Lead Gen | App Install | Q1,E-commerce,BR_18-44_CompetitorUsers,Nu_Ecom_Conversion_OpenAccount_Video_15s,Completed,"7-day click, 1-day view",Account Opening,2509.52,108843,403,19,93605,1.16
2026-02-09,2026-02-09,Nubank | Lead Gen | App Install | Q1,E-commerce,BR_18-44_CompetitorUsers,Nu_Ecom_Conversion_OpenAccount_Video_15s,Completed,"7-day click, 1-day view",Account Opening,3301.20,133681,405,24,106945,1.25
2026-01-12,2026-01-12,Nubank | Conversions | Cross-Sell | Feb,E-commerce,BR_ExistingClients_Investments,Nu_Ecom_Conversion_CreditCard_Carousel,Active,"7-day click, 1-day view",Account Opening,1733.64,448785,494,12,336589,1.33
2026-01-15,2026-01-15,Nubank | Conversions | Cross-Sell | Feb,E-commerce,BR_ExistingClients_Investments,Nu_Ecom_Conversion_CreditCard_Carousel,Active,"7-day click, 1-day view",Account Opening,1964.60,252783,467,19,212338,1.19
2026-01-18,2026-01-18,Nubank | Conversions | Cross-Sell | Feb,E-commerce,BR_ExistingClients_Investments,Nu_Ecom_Conversion_CreditCard_Carousel,Active,"7-day click, 1-day view",Account Opening,4508.40,530515,320,34,387276,1.37
2026-01-21,2026-01-21,Nubank | Conversions | Cross-Sell | Feb,E-commerce,BR_ExistingClients_Investments,Nu_Ecom_Conversion_CreditCard_Carousel,Completed,"7-day click, 1-day view",Account Opening,2008.08,449941,289,18,332956,1.35
2026-01-24,2026-01-24,Nubank | Conversions | Cross-Sell | Feb,E-commerce,BR_ExistingClients_Investments,Nu_Ecom_Conversion_CreditCard_Carousel,Active,"7-day click, 1-day view",Account Opening,1091.10,485836,354,10,364377,1.33
2026-01-27,2026-01-27,Nubank | Conversions | Cross-Sell | Feb,E-commerce,BR_ExistingClients_Investments,Nu_Ecom_Conversion_CreditCard_Carousel,Active,"7-day click, 1-day view",Account Opening,4093.06,285344,430,29,185474,1.54
2026-01-30,2026-01-30,Nubank | Conversions | Cross-Sell | Feb,E-commerce,BR_ExistingClients_Investments,Nu_Ecom_Conversion_CreditCard_Carousel,Active,"7-day click, 1-day view",Account Opening,3512.33,572352,336,23,383476,1.49
2026-02-02,2026-02-02,Nubank | Conversions | Cross-Sell | Feb,E-commerce,BR_ExistingClients_Investments,Nu_Ecom_Conversion_CreditCard_Carousel,Active,"7-day click, 1-day view",Account Opening,1873.80,517681,454,15,408968,1.27
2026-01-12,2026-01-12,Nubank | Conversions | Cross-Sell | Feb,E-commerce,BR_ExistingClients_Investments,Nu_Ecom_LeadGen_StaticBanner_SignUp,Active,"7-day click, 1-day view",Account Opening,2408.50,143637,345,25,109164,1.32
2026-01-15,2026-01-15,Nubank | Conversions | Cross-Sell | Feb,E-commerce,BR_ExistingClients_Investments,Nu_Ecom_LeadGen_StaticBanner_SignUp,Active,"7-day click, 1-day view",Account Opening,2836.90,119712,88,22,96967,1.23
2026-01-18,2026-01-18,Nubank | Conversions | Cross-Sell | Feb,E-commerce,BR_ExistingClients_Investments,Nu_Ecom_LeadGen_StaticBanner_SignUp,Active,"7-day click, 1-day view",Account Opening,4014.40,351728,406,32,302486,1.16
2026-01-21,2026-01-21,Nubank | Conversions | Cross-Sell | Feb,E-commerce,BR_ExistingClients_Investments,Nu_Ecom_LeadGen_StaticBanner_SignUp,Active,"7-day click, 1-day view",Account Opening,2240.43,239601,191,23,189285,1.27
2026-01-24,2026-01-24,Nubank | Conversions | Cross-Sell | Feb,E-commerce,BR_ExistingClients_Investments,Nu_Ecom_LeadGen_StaticBanner_SignUp,Not Delivering,"7-day click, 1-day view",Account Opening,4921.16,162604,474,34,138213,1.18
2026-01-27,2026-01-27,Nubank | Conversions | Cross-Sell | Feb,E-commerce,BR_ExistingClients_Investments,Nu_Ecom_LeadGen_StaticBanner_SignUp,Active,"7-day click, 1-day view",Account Opening,1396.53,232285,166,9,185828,1.25
2026-01-30,2026-01-30,Nubank | Conversions | Cross-Sell | Feb,E-commerce,BR_ExistingClients_Investments,Nu_Ecom_LeadGen_StaticBanner_SignUp,Active,"7-day click, 1-day view",Account Opening,1782.28,496486,146,17,397189,1.25
2026-02-02,2026-02-02,Nubank | Conversions | Cross-Sell | Feb,E-commerce,BR_ExistingClients_Investments,Nu_Ecom_LeadGen_StaticBanner_SignUp,Active,"7-day click, 1-day view",Account Opening,3277.68,478954,338,21,330478,1.45
2026-01-12,2026-01-12,Nubank | Conversions | Cross-Sell | Feb,E-commerce,BR_ExistingClients_Investments,Nu_Ecom_Conversion_Story_InstantApproval,Active,"7-day click, 1-day view",Account Opening,1688.31,325100,221,13,250327,1.30
2026-01-15,2026-01-15,Nubank | Conversions | Cross-Sell | Feb,E-commerce,BR_ExistingClients_Investments,Nu_Ecom_Conversion_Story_InstantApproval,Active,"7-day click, 1-day view",Account Opening,1406.34,370895,123,13,267044,1.39
2026-01-18,2026-01-18,Nubank | Conversions | Cross-Sell | Feb,E-commerce,BR_ExistingClients_Investments,Nu_Ecom_Conversion_Story_InstantApproval,Active,"7-day click, 1-day view",Account Opening,1121.56,425842,279,11,344932,1.23
2026-01-21,2026-01-21,Nubank | Conversions | Cross-Sell | Feb,E-commerce,BR_ExistingClients_Investments,Nu_Ecom_Conversion_Story_InstantApproval,Active,"7-day click, 1-day view",Account Opening,3049.28,351220,445,26,252878,1.39
2026-01-24,2026-01-24,Nubank | Conversions | Cross-Sell | Feb,E-commerce,BR_ExistingClients_Investments,Nu_Ecom_Conversion_Story_InstantApproval,Active,"7-day click, 1-day view",Account Opening,2034.60,543214,244,15,369386,1.47
2026-01-27,2026-01-27,Nubank | Conversions | Cross-Sell | Feb,E-commerce,BR_ExistingClients_Investments,Nu_Ecom_Conversion_Story_InstantApproval,Not Delivering,"7-day click, 1-day view",Account Opening,2027.70,209966,469,18,172172,1.22
2026-01-30,2026-01-30,Nubank | Conversions | Cross-Sell | Feb,E-commerce,BR_ExistingClients_Investments,Nu_Ecom_Conversion_Story_InstantApproval,Not Delivering,"7-day click, 1-day view",Account Opening,1790.04,521244,290,12,453482,1.15
2026-02-02,2026-02-02,Nubank | Conversions | Cross-Sell | Feb,E-commerce,BR_ExistingClients_Investments,Nu_Ecom_Conversion_Story_InstantApproval,Active,"7-day click, 1-day view",Account Opening,3394.24,464976,245,32,399879,1.16
2026-01-12,2026-01-12,Nubank | Conversions | Cross-Sell | Feb,E-commerce,BR_ExistingClients_Investments,Nu_Ecom_Conversion_Reel_AppDownload_CTA,Completed,"7-day click, 1-day view",Account Opening,2326.45,416796,259,23,270917,1.54
2026-01-15,2026-01-15,Nubank | Conversions | Cross-Sell | Feb,E-commerce,BR_ExistingClients_Investments,Nu_Ecom_Conversion_Reel_AppDownload_CTA,Active,"7-day click, 1-day view",Account Opening,2746.83,117643,282,19,91762,1.28
2026-01-18,2026-01-18,Nubank | Conversions | Cross-Sell | Feb,E-commerce,BR_ExistingClients_Investments,Nu_Ecom_Conversion_Reel_AppDownload_CTA,Active,"7-day click, 1-day view",Account Opening,1955.04,274156,157,12,235774,1.16
2026-01-21,2026-01-21,Nubank | Conversions | Cross-Sell | Feb,E-commerce,BR_ExistingClients_Investments,Nu_Ecom_Conversion_Reel_AppDownload_CTA,Active,"7-day click, 1-day view",Account Opening,1408.20,376406,481,10,308653,1.22
2026-01-24,2026-01-24,Nubank | Conversions | Cross-Sell | Feb,E-commerce,BR_ExistingClients_Investments,Nu_Ecom_Conversion_Reel_AppDownload_CTA,Active,"7-day click, 1-day view",Account Opening,1772.54,555856,435,14,428009,1.30
2026-01-27,2026-01-27,Nubank | Conversions | Cross-Sell | Feb,E-commerce,BR_ExistingClients_Investments,Nu_Ecom_Conversion_Reel_AppDownload_CTA,Active,"7-day click, 1-day view",Account Opening,2304.96,231317,421,21,191993,1.20
2026-01-30,2026-01-30,Nubank | Conversions | Cross-Sell | Feb,E-commerce,BR_ExistingClients_Investments,Nu_Ecom_Conversion_Reel_AppDownload_CTA,Active,"7-day click, 1-day view",Account Opening,1533.75,445986,442,15,374628,1.19
2026-02-02,2026-02-02,Nubank | Conversions | Cross-Sell | Feb,E-commerce,BR_ExistingClients_Investments,Nu_Ecom_Conversion_Reel_AppDownload_CTA,Not Delivering,"7-day click, 1-day view",Account Opening,1761.54,115580,122,17,84373,1.37
2026-01-13,2026-01-13,Nubank | Conversions | Cross-Sell | Feb,E-commerce,BR_ExistingClients_Insurance,Nu_Ecom_LeadGen_Video_30s_HowToOpen,Active,"7-day click, 1-day view",Account Opening,2689.94,518412,385,22,347336,1.49
2026-01-16,2026-01-16,Nubank | Conversions | Cross-Sell | Feb,E-commerce,BR_ExistingClients_Insurance,Nu_Ecom_LeadGen_Video_30s_HowToOpen,Active,"7-day click, 1-day view",Account Opening,1021.90,352706,315,10,232786,1.52
2026-01-19,2026-01-19,Nubank | Conversions | Cross-Sell | Feb,E-commerce,BR_ExistingClients_Insurance,Nu_Ecom_LeadGen_Video_30s_HowToOpen,Active,"7-day click, 1-day view",Account Opening,2740.08,421834,182,21,371214,1.14
2026-01-22,2026-01-22,Nubank | Conversions | Cross-Sell | Feb,E-commerce,BR_ExistingClients_Insurance,Nu_Ecom_LeadGen_Video_30s_HowToOpen,Active,"7-day click, 1-day view",Account Opening,1815.26,479008,405,17,402367,1.19
2026-01-25,2026-01-25,Nubank | Conversions | Cross-Sell | Feb,E-commerce,BR_ExistingClients_Insurance,Nu_Ecom_LeadGen_Video_30s_HowToOpen,Active,"7-day click, 1-day view",Account Opening,1383.00,336273,320,10,292558,1.15
2026-01-28,2026-01-28,Nubank | Conversions | Cross-Sell | Feb,E-commerce,BR_ExistingClients_Insurance,Nu_Ecom_LeadGen_Video_30s_HowToOpen,Active,"7-day click, 1-day view",Account Opening,4064.28,400317,279,33,312247,1.28
2026-01-31,2026-01-31,Nubank | Conversions | Cross-Sell | Feb,E-commerce,BR_ExistingClients_Insurance,Nu_Ecom_LeadGen_Video_30s_HowToOpen,Active,"7-day click, 1-day view",Account Opening,2833.32,547440,490,28,465324,1.18
2026-02-03,2026-02-03,Nubank | Conversions | Cross-Sell | Feb,E-commerce,BR_ExistingClients_Insurance,Nu_Ecom_LeadGen_Video_30s_HowToOpen,Active,"7-day click, 1-day view",Account Opening,1704.00,101091,190,16,66720,1.52
2026-01-13,2026-01-13,Nubank | Conversions | Cross-Sell | Feb,E-commerce,BR_ExistingClients_Insurance,Nu_Ecom_Conversion_Carousel_Cashback_Offer,Active,"7-day click, 1-day view",Account Opening,1737.36,259551,421,18,194663,1.33
2026-01-16,2026-01-16,Nubank | Conversions | Cross-Sell | Feb,E-commerce,BR_ExistingClients_Insurance,Nu_Ecom_Conversion_Carousel_Cashback_Offer,Active,"7-day click, 1-day view",Account Opening,3737.27,550073,364,23,462061,1.19
2026-01-19,2026-01-19,Nubank | Conversions | Cross-Sell | Feb,E-commerce,BR_ExistingClients_Insurance,Nu_Ecom_Conversion_Carousel_Cashback_Offer,Active,"7-day click, 1-day view",Account Opening,3751.68,401236,81,24,337038,1.19
2026-01-22,2026-01-22,Nubank | Conversions | Cross-Sell | Feb,E-commerce,BR_ExistingClients_Insurance,Nu_Ecom_Conversion_Carousel_Cashback_Offer,Active,"7-day click, 1-day view",Account Opening,3255.28,296079,373,28,236863,1.25
2026-01-25,2026-01-25,Nubank | Conversions | Cross-Sell | Feb,E-commerce,BR_ExistingClients_Insurance,Nu_Ecom_Conversion_Carousel_Cashback_Offer,Active,"7-day click, 1-day view",Account Opening,2283.95,167498,453,17,122274,1.37
2026-01-28,2026-01-28,Nubank | Conversions | Cross-Sell | Feb,E-commerce,BR_ExistingClients_Insurance,Nu_Ecom_Conversion_Carousel_Cashback_Offer,Not Delivering,"7-day click, 1-day view",Account Opening,3073.40,232060,450,22,192610,1.20
2026-01-31,2026-01-31,Nubank | Conversions | Cross-Sell | Feb,E-commerce,BR_ExistingClients_Insurance,Nu_Ecom_Conversion_Carousel_Cashback_Offer,Active,"7-day click, 1-day view",Account Opening,4105.53,235616,91,29,183780,1.28
2026-02-03,2026-02-03,Nubank | Conversions | Cross-Sell | Feb,E-commerce,BR_ExistingClients_Insurance,Nu_Ecom_Conversion_Carousel_Cashback_Offer,Active,"7-day click, 1-day view",Account Opening,2154.45,243113,414,15,160455,1.52
2026-01-13,2026-01-13,Nubank | Conversions | Cross-Sell | Feb,E-commerce,BR_ExistingClients_Insurance,Nu_Ecom_Conversion_StaticBanner_FreeCreditCard,Not Delivering,"7-day click, 1-day view",Account Opening,2666.04,463423,240,26,333665,1.39
2026-01-16,2026-01-16,Nubank | Conversions | Cross-Sell | Feb,E-commerce,BR_ExistingClients_Insurance,Nu_Ecom_Conversion_StaticBanner_FreeCreditCard,Active,"7-day click, 1-day view",Account Opening,3714.50,478624,491,34,368540,1.30
2026-01-19,2026-01-19,Nubank | Conversions | Cross-Sell | Feb,E-commerce,BR_ExistingClients_Insurance,Nu_Ecom_Conversion_StaticBanner_FreeCreditCard,Active,"7-day click, 1-day view",Account Opening,2437.20,365526,381,20,299731,1.22
2026-01-22,2026-01-22,Nubank | Conversions | Cross-Sell | Feb,E-commerce,BR_ExistingClients_Insurance,Nu_Ecom_Conversion_StaticBanner_FreeCreditCard,Active,"7-day click, 1-day view",Account Opening,1715.56,122203,495,11,89208,1.37
2026-01-25,2026-01-25,Nubank | Conversions | Cross-Sell | Feb,E-commerce,BR_ExistingClients_Insurance,Nu_Ecom_Conversion_StaticBanner_FreeCreditCard,Active,"7-day click, 1-day view",Account Opening,4301.22,115169,176,33,90984,1.27
2026-01-28,2026-01-28,Nubank | Conversions | Cross-Sell | Feb,E-commerce,BR_ExistingClients_Insurance,Nu_Ecom_Conversion_StaticBanner_FreeCreditCard,Active,"7-day click, 1-day view",Account Opening,3316.06,421130,446,22,299002,1.41
2026-01-31,2026-01-31,Nubank | Conversions | Cross-Sell | Feb,E-commerce,BR_ExistingClients_Insurance,Nu_Ecom_Conversion_StaticBanner_FreeCreditCard,Active,"7-day click, 1-day view",Account Opening,2411.64,157523,446,21,119717,1.32
2026-02-03,2026-02-03,Nubank | Conversions | Cross-Sell | Feb,E-commerce,BR_ExistingClients_Insurance,Nu_Ecom_Conversion_StaticBanner_FreeCreditCard,Active,"7-day click, 1-day view",Account Opening,1261.89,225646,409,9,151183,1.49
2026-01-13,2026-01-13,Nubank | Conversions | Cross-Sell | Feb,E-commerce,BR_ExistingClients_Insurance,Nu_Ecom_LeadGen_Story_ReferAFriend,Active,"7-day click, 1-day view",Account Opening,2047.00,328363,92,20,213436,1.54
2026-01-16,2026-01-16,Nubank | Conversions | Cross-Sell | Feb,E-commerce,BR_ExistingClients_Insurance,Nu_Ecom_LeadGen_Story_ReferAFriend,Active,"7-day click, 1-day view",Account Opening,2855.75,539689,341,25,415561,1.30
2026-01-19,2026-01-19,Nubank | Conversions | Cross-Sell | Feb,E-commerce,BR_ExistingClients_Insurance,Nu_Ecom_LeadGen_Story_ReferAFriend,Active,"7-day click, 1-day view",Account Opening,2482.04,224882,95,22,170910,1.32
2026-01-22,2026-01-22,Nubank | Conversions | Cross-Sell | Feb,E-commerce,BR_ExistingClients_Insurance,Nu_Ecom_LeadGen_Story_ReferAFriend,Active,"7-day click, 1-day view",Account Opening,4620.55,179429,136,31,120217,1.49
2026-01-25,2026-01-25,Nubank | Conversions | Cross-Sell | Feb,E-commerce,BR_ExistingClients_Insurance,Nu_Ecom_LeadGen_Story_ReferAFriend,Active,"7-day click, 1-day view",Account Opening,2747.00,143872,174,25,125169,1.15
2026-01-28,2026-01-28,Nubank | Conversions | Cross-Sell | Feb,E-commerce,BR_ExistingClients_Insurance,Nu_Ecom_LeadGen_Story_ReferAFriend,Active,"7-day click, 1-day view",Account Opening,3398.50,520976,266,25,458459,1.14
2026-01-31,2026-01-31,Nubank | Conversions | Cross-Sell | Feb,E-commerce,BR_ExistingClients_Insurance,Nu_Ecom_LeadGen_Story_ReferAFriend,Active,"7-day click, 1-day view",Account Opening,5251.52,406591,424,32,280548,1.45
2026-02-03,2026-02-03,Nubank | Conversions | Cross-Sell | Feb,E-commerce,BR_ExistingClients_Insurance,Nu_Ecom_LeadGen_Story_ReferAFriend,Active,"7-day click, 1-day view",Account Opening,1693.12,583424,89,16,402563,1.45